Country,Year,Population
Afghanistan,1955,8892
Afghanistan,1960,9830
Afghanistan,1965,10998
Afghanistan,1970,12431
Afghanistan,1975,14133
Afghanistan,1980,15045
Afghanistan,1985,13120
Afghanistan,1990,13569
Afghanistan,1995,19446
Afghanistan,2000,22462
Afghanistan,2005,26335
Afghanistan,2010,29121
Afghanistan,2015,32565
Afghanistan,2020,36644
Albania,1955,1393
Albania,1960,1624
Albania,1965,1884
Albania,1970,2157
Albania,1975,2402
Albania,1980,2672
Albania,1985,2957
Albania,1990,3245
Albania,1995,3159
Albania,2000,3159
Albania,2005,3025
Albania,2010,2987
Albania,2015,3030
Albania,2020,3075
Algeria,1955,9842
Algeria,1960,10910
Algeria,1965,11964
Algeria,1970,13932
Algeria,1975,16141
Algeria,1980,18807
Algeria,1985,22009
Algeria,1990,25191
Algeria,1995,28322
Algeria,2000,30639
Algeria,2005,32918
Algeria,2010,35950
Algeria,2015,39543
Algeria,2020,42973
American Samoa,1955,20
American Samoa,1960,21
American Samoa,1965,25
American Samoa,1970,28
American Samoa,1975,30
American Samoa,1980,33
American Samoa,1985,39
American Samoa,1990,48
American Samoa,1995,54
American Samoa,2000,58
American Samoa,2005,57
American Samoa,2010,56
American Samoa,2015,55
American Samoa,2020,54
Andorra,1955,7
Andorra,1960,9
Andorra,1965,14
Andorra,1970,20
Andorra,1975,27
Andorra,1980,34
Andorra,1985,45
Andorra,1990,53
Andorra,1995,64
Andorra,2000,66
Andorra,2005,77
Andorra,2010,85
Andorra,2015,86
Andorra,2020,86
Angola,1955,4424
Angola,1960,4798
Angola,1965,5135
Angola,1970,5606
Angola,1975,6051
Angola,1980,7206
Angola,1985,8390
Angola,1990,9486
Angola,1995,11000
Angola,2000,12683
Angola,2005,14770
Angola,2010,17043
Angola,2015,19626
Angola,2020,22485
Anguilla,1955,6
Anguilla,1960,6
Anguilla,1965,6
Anguilla,1970,7
Anguilla,1975,7
Anguilla,1980,7
Anguilla,1985,7
Anguilla,1990,9
Anguilla,1995,10
Anguilla,2000,12
Anguilla,2005,14
Anguilla,2010,15
Anguilla,2015,17
Anguilla,2020,19
Antigua and Barbuda,1955,52
Antigua and Barbuda,1960,55
Antigua and Barbuda,1965,60
Antigua and Barbuda,1970,66
Antigua and Barbuda,1975,69
Antigua and Barbuda,1980,69
Antigua and Barbuda,1985,65
Antigua and Barbuda,1990,65
Antigua and Barbuda,1995,69
Antigua and Barbuda,2000,76
Antigua and Barbuda,2005,82
Antigua and Barbuda,2010,87
Antigua and Barbuda,2015,93
Antigua and Barbuda,2020,99
Argentina,1955,18928
Argentina,1960,20617
Argentina,1965,22284
Argentina,1970,23963
Argentina,1975,26082
Argentina,1980,28370
Argentina,1985,30672
Argentina,1990,33036
Argentina,1995,35274
Argentina,2000,37336
Argentina,2005,39182
Argentina,2010,41344
Argentina,2015,43432
Argentina,2020,45379
Armenia,1955,1566
Armenia,1960,1869
Armenia,1965,2206
Armenia,1970,2520
Armenia,1975,2835
Armenia,1980,3134
Armenia,1985,3465
Armenia,1990,3530
Armenia,1995,3131
Armenia,2000,3101
Armenia,2005,3085
Armenia,2010,3072
Armenia,2015,3057
Armenia,2020,3022
Aruba,1955,54
Aruba,1960,58
Aruba,1965,60
Aruba,1970,60
Aruba,1975,60
Aruba,1980,60
Aruba,1985,62
Aruba,1990,64
Aruba,1995,80
Aruba,2000,90
Aruba,2005,97
Aruba,2010,105
Aruba,2015,113
Aruba,2020,120
Australia,1955,9278
Australia,1960,10362
Australia,1965,11440
Australia,1970,12661
Australia,1975,13772
Australia,1980,14616
Australia,1985,15696
Australia,1990,16957
Australia,1995,17976
Australia,2000,19054
Australia,2005,20233
Australia,2010,21516
Australia,2015,22752
Australia,2020,23939
Austria,1955,6947
Austria,1960,7048
Austria,1965,7271
Austria,1970,7468
Austria,1975,7579
Austria,1980,7550
Austria,1985,7560
Austria,1990,7723
Austria,1995,8048
Austria,2000,8114
Austria,2005,8315
Austria,2010,8448
Austria,2015,8666
Austria,2020,8860
Azerbaijan,1955,3314
Azerbaijan,1960,3882
Azerbaijan,1965,4567
Azerbaijan,1970,5169
Azerbaijan,1975,5697
Azerbaijan,1980,6199
Azerbaijan,1985,6846
Azerbaijan,1990,7498
Azerbaijan,1995,8051
Azerbaijan,2000,8464
Azerbaijan,2005,8826
Azerbaijan,2010,9302
Azerbaijan,2015,9781
Azerbaijan,2020,10206
Bahamas,1955,88
Bahamas,1960,113
Bahamas,1965,140
Bahamas,1970,171
Bahamas,1975,190
Bahamas,1980,210
Bahamas,1985,229
Bahamas,1990,246
Bahamas,1995,266
Bahamas,2000,283
Bahamas,2005,297
Bahamas,2010,311
Bahamas,2015,325
Bahamas,2020,338
Bahrain,1955,131
Bahrain,1960,157
Bahrain,1965,192
Bahrain,1970,220
Bahrain,1975,259
Bahrain,1980,348
Bahrain,1985,424
Bahrain,1990,506
Bahrain,1995,583
Bahrain,2000,655
Bahrain,2005,916
Bahrain,2010,1181
Bahrain,2015,1347
Bahrain,2020,1506
Bangladesh,1955,49589
Bangladesh,1960,54593
Bangladesh,1965,60285
Bangladesh,1970,67332
Bangladesh,1975,76153
Bangladesh,1980,87938
Bangladesh,1985,102309
Bangladesh,1990,112213
Bangladesh,1995,121443
Bangladesh,2000,132151
Bangladesh,2005,144139
Bangladesh,2010,156119
Bangladesh,2015,168958
Bangladesh,2020,169778
Barbados,1955,228
Barbados,1960,233
Barbados,1965,235
Barbados,1970,239
Barbados,1975,248
Barbados,1980,252
Barbados,1985,258
Barbados,1990,263
Barbados,1995,268
Barbados,2000,274
Barbados,2005,281
Barbados,2010,286
Barbados,2015,291
Barbados,2020,295
Belarus,1955,7781
Belarus,1960,8168
Belarus,1965,8591
Belarus,1970,9028
Belarus,1975,9361
Belarus,1980,9644
Belarus,1985,9982
Belarus,1990,10201
Belarus,1995,10205
Belarus,2000,10034
Belarus,2005,9807
Belarus,2010,9681
Belarus,2015,9590
Belarus,2020,9478
Belgium,1955,8869
Belgium,1960,9119
Belgium,1965,9449
Belgium,1970,9638
Belgium,1975,9795
Belgium,1980,9847
Belgium,1985,9859
Belgium,1990,9970
Belgium,1995,10156
Belgium,2000,10264
Belgium,2005,10470
Belgium,2010,10866
Belgium,2015,11324
Belgium,2020,11721
Belize,1955,77
Belize,1960,92
Belize,1965,107
Belize,1970,123
Belize,1975,136
Belize,1980,145
Belize,1985,166
Belize,1990,191
Belize,1995,218
Belize,2000,249
Belize,2005,282
Belize,2010,315
Belize,2015,348
Belize,2020,380
Benin,1955,1847
Benin,1960,2056
Benin,1965,2311
Benin,1970,2620
Benin,1975,2996
Benin,1980,3459
Benin,1985,4031
Benin,1990,4706
Benin,1995,5647
Benin,2000,6620
Benin,2005,7778
Benin,2010,9057
Benin,2015,10449
Benin,2020,11957
Bermuda,1955,42
Bermuda,1960,45
Bermuda,1965,49
Bermuda,1970,53
Bermuda,1975,54
Bermuda,1980,55
Bermuda,1985,57
Bermuda,1990,58
Bermuda,1995,61
Bermuda,2000,64
Bermuda,2005,66
Bermuda,2010,69
Bermuda,2015,71
Bermuda,2020,72
Bhutan,1955,187
Bhutan,1960,213
Bhutan,1965,255
Bhutan,1970,310
Bhutan,1975,373
Bhutan,1980,447
Bhutan,1985,530
Bhutan,1990,615
Bhutan,1995,567
Bhutan,2000,606
Bhutan,2005,655
Bhutan,2010,700
Bhutan,2015,742
Bhutan,2020,783
Bolivia,1955,3075
Bolivia,1960,3435
Bolivia,1965,3854
Bolivia,1970,4347
Bolivia,1975,4915
Bolivia,1980,5442
Bolivia,1985,5935
Bolivia,1990,6574
Bolivia,1995,7375
Bolivia,2000,8196
Bolivia,2005,9073
Bolivia,2010,9948
Bolivia,2015,10801
Bolivia,2020,11640
Bosnia and Herzegovina,1955,2975
Bosnia and Herzegovina,1960,3241
Bosnia and Herzegovina,1965,3494
Bosnia and Herzegovina,1970,3704
Bosnia and Herzegovina,1975,3981
Bosnia and Herzegovina,1980,4093
Bosnia and Herzegovina,1985,4227
Bosnia and Herzegovina,1990,4315
Bosnia and Herzegovina,1995,3547
Bosnia and Herzegovina,2000,3806
Bosnia and Herzegovina,2005,3894
Bosnia and Herzegovina,2010,3885
Bosnia and Herzegovina,2015,3868
Bosnia and Herzegovina,2020,3836
Botswana,1955,462
Botswana,1960,497
Botswana,1965,539
Botswana,1970,584
Botswana,1975,705
Botswana,1980,901
Botswana,1985,1080
Botswana,1990,1265
Botswana,1995,1478
Botswana,2000,1680
Botswana,2005,1841
Botswana,2010,2030
Botswana,2015,2183
Botswana,2020,2313
Brazil,1955,61652
Brazil,1960,71412
Brazil,1965,82602
Brazil,1970,94931
Brazil,1975,107328
Brazil,1980,121064
Brazil,1985,135734
Brazil,1990,149410
Brazil,1995,161912
Brazil,2000,174316
Brazil,2005,186021
Brazil,2010,195835
Brazil,2015,204260
Brazil,2020,216016
British Virgin Islands,1955,7
British Virgin Islands,1960,8
British Virgin Islands,1965,9
British Virgin Islands,1970,10
British Virgin Islands,1975,11
British Virgin Islands,1980,11
British Virgin Islands,1985,14
British Virgin Islands,1990,16
British Virgin Islands,1995,20
British Virgin Islands,2000,23
British Virgin Islands,2005,26
British Virgin Islands,2010,30
British Virgin Islands,2015,34
British Virgin Islands,2020,38
Brunei,1955,61
Brunei,1960,84
Brunei,1965,103
Brunei,1970,128
Brunei,1975,157
Brunei,1980,186
Brunei,1985,218
Brunei,1990,253
Brunei,1995,288
Brunei,2000,326
Brunei,2005,362
Brunei,2010,396
Brunei,2015,430
Brunei,2020,465
Bulgaria,1955,7500
Bulgaria,1960,7868
Bulgaria,1965,8202
Bulgaria,1970,8490
Bulgaria,1975,8721
Bulgaria,1980,8844
Bulgaria,1985,8944
Bulgaria,1990,8895
Bulgaria,1995,8285
Bulgaria,2000,7909
Bulgaria,2005,7612
Bulgaria,2010,7392
Bulgaria,2015,7187
Bulgaria,2020,6967
Burkina Faso,1955,4615
Burkina Faso,1960,4866
Burkina Faso,1965,5032
Burkina Faso,1970,5304
Burkina Faso,1975,5674
Burkina Faso,1980,6319
Burkina Faso,1985,7171
Burkina Faso,1990,8362
Burkina Faso,1995,9903
Burkina Faso,2000,11588
Burkina Faso,2005,13904
Burkina Faso,2010,16242
Burkina Faso,2015,18932
Burkina Faso,2020,21978
Burundi,1955,2577
Burundi,1960,2816
Burundi,1965,3171
Burundi,1970,3522
Burundi,1975,3677
Burundi,1980,4298
Burundi,1985,4915
Burundi,1990,5509
Burundi,1995,5800
Burundi,2000,6716
Burundi,2005,7789
Burundi,2010,9121
Burundi,2015,10743
Burundi,2020,12632
Cambodia,1955,5049
Cambodia,1960,5762
Cambodia,1965,6602
Cambodia,1970,7395
Cambodia,1975,7500
Cambodia,1980,6889
Cambodia,1985,7842
Cambodia,1990,9368
Cambodia,1995,11235
Cambodia,2000,12352
Cambodia,2005,13298
Cambodia,2010,14454
Cambodia,2015,15709
Cambodia,2020,16927
Cameroon,1955,5211
Cameroon,1960,5609
Cameroon,1965,6104
Cameroon,1970,6727
Cameroon,1975,7522
Cameroon,1980,8756
Cameroon,1985,10227
Cameroon,1990,11984
Cameroon,1995,13828
Cameroon,2000,15818
Cameroon,2005,18132
Cameroon,2010,20823
Cameroon,2015,23740
Cameroon,2020,26970
Canada,1955,16051
Canada,1960,18267
Canada,1965,20072
Canada,1970,21750
Canada,1975,23210
Canada,1980,24594
Canada,1985,25942
Canada,1990,27791
Canada,1995,29691
Canada,2000,31100
Canada,2005,32387
Canada,2010,33760
Canada,2015,35100
Canada,2020,36388
Cape Verde,1955,170
Cape Verde,1960,197
Cape Verde,1965,232
Cape Verde,1970,269
Cape Verde,1975,281
Cape Verde,1980,297
Cape Verde,1985,317
Cape Verde,1990,340
Cape Verde,1995,386
Cape Verde,2000,431
Cape Verde,2005,471
Cape Verde,2010,509
Cape Verde,2015,546
Cape Verde,2020,584
Cayman Islands,1955,7
Cayman Islands,1960,8
Cayman Islands,1965,9
Cayman Islands,1970,11
Cayman Islands,1975,15
Cayman Islands,1980,18
Cayman Islands,1985,21
Cayman Islands,1990,27
Cayman Islands,1995,33
Cayman Islands,2000,39
Cayman Islands,2005,45
Cayman Islands,2010,51
Cayman Islands,2015,57
Cayman Islands,2020,62
Central African Republic,1955,1349
Central African Republic,1960,1468
Central African Republic,1965,1628
Central African Republic,1970,1840
Central African Republic,1975,2058
Central African Republic,1980,2349
Central African Republic,1985,2715
Central African Republic,1990,3085
Central African Republic,1995,3545
Central African Republic,2000,3980
Central African Republic,2005,4364
Central African Republic,2010,4845
Central African Republic,2015,5392
Central African Republic,2020,5991
Chad,1955,2806
Chad,1960,3043
Chad,1965,3345
Chad,1970,3728
Chad,1975,4145
Chad,1980,4523
Chad,1985,5067
Chad,1990,5842
Chad,1995,6770
Chad,2000,7943
Chad,2005,9401
Chad,2010,10544
Chad,2015,11632
Chad,2020,12756
Chile,1955,6744
Chile,1960,7586
Chile,1965,8510
Chile,1970,9369
Chile,1975,10208
Chile,1980,10999
Chile,1985,11953
Chile,1990,13008
Chile,1995,14173
Chile,2000,15175
Chile,2005,15980
Chile,2010,16760
Chile,2015,17509
Chile,2020,18187
China,1955,607047
China,1960,651340
China,1965,716667
China,1970,822116
China,1975,920295
China,1980,987822
China,1985,1061876
China,1990,1153164
China,1995,1221056
China,2000,1268302
China,2005,1302285
China,2010,1336681
China,2015,1367486
China,2020,1397026
Colombia,1955,13589
Colombia,1960,15953
Colombia,1965,18647
Colombia,1970,21430
Colombia,1975,24125
Colombia,1980,26632
Colombia,1985,29748
Colombia,1990,33148
Colombia,1995,36532
Colombia,2000,38911
Colombia,2005,41488
Colombia,2010,44206
Colombia,2015,46737
Colombia,2020,49085
Comoros,1955,164
Comoros,1960,183
Comoros,1965,207
Comoros,1970,237
Comoros,1975,276
Comoros,1980,340
Comoros,1985,383
Comoros,1990,431
Comoros,1995,483
Comoros,2000,546
Comoros,2005,624
Comoros,2010,707
Comoros,2015,781
Comoros,2020,847
Cook Islands,1955,17
Cook Islands,1960,18
Cook Islands,1965,20
Cook Islands,1970,21
Cook Islands,1975,20
Cook Islands,1980,19
Cook Islands,1985,18
Cook Islands,1990,19
Cook Islands,1995,19
Cook Islands,2000,17
Cook Islands,2005,14
Cook Islands,2010,12
Cook Islands,2015,10
Cook Islands,2020,9
Costa Rica,1955,1032
Costa Rica,1960,1249
Costa Rica,1965,1488
Costa Rica,1970,1736
Costa Rica,1975,1992
Costa Rica,1980,2300
Costa Rica,1985,2645
Costa Rica,1990,3024
Costa Rica,1995,3445
Costa Rica,2000,3883
Costa Rica,2005,4209
Costa Rica,2010,4517
Costa Rica,2015,4815
Costa Rica,2020,5098
Croatia,1955,3956
Croatia,1960,4037
Croatia,1965,4134
Croatia,1970,4206
Croatia,1975,4256
Croatia,1980,4384
Croatia,1985,4458
Croatia,1990,4509
Croatia,1995,4497
Croatia,2000,4411
Croatia,2005,4496
Croatia,2010,4487
Croatia,2015,4465
Croatia,2020,4428
Cuba,1955,6382
Cuba,1960,7028
Cuba,1965,7810
Cuba,1970,8543
Cuba,1975,9291
Cuba,1980,9653
Cuba,1985,10065
Cuba,1990,10507
Cuba,1995,10848
Cuba,2000,11072
Cuba,2005,11199
Cuba,2010,11099
Cuba,2015,11032
Cuba,2020,10932
Curaçao,1955,112
Curaçao,1960,124
Curaçao,1965,134
Curaçao,1970,145
Curaçao,1975,150
Curaçao,1980,148
Curaçao,1985,154
Curaçao,1990,146
Curaçao,1995,142
Curaçao,2000,134
Curaçao,2005,137
Curaçao,2010,144
Curaçao,2015,149
Curaçao,2020,152
Cyprus,1955,533
Cyprus,1960,579
Cyprus,1965,601
Cyprus,1970,628
Cyprus,1975,627
Cyprus,1980,631
Cyprus,1985,680
Cyprus,1990,746
Cyprus,1995,848
Cyprus,2000,920
Cyprus,2005,1011
Cyprus,2010,1103
Cyprus,2015,1190
Cyprus,2020,1267
Czech Republic,1955,9366
Czech Republic,1960,9660
Czech Republic,1965,9777
Czech Republic,1970,9796
Czech Republic,1975,10043
Czech Republic,1980,10289
Czech Republic,1985,10311
Czech Republic,1990,10310
Czech Republic,1995,10324
Czech Republic,2000,10269
Czech Republic,2005,10267
Czech Republic,2010,10551
Czech Republic,2015,10645
Czech Republic,2020,10703
Democratic Republic of the Congo,1955,14953
Democratic Republic of the Congo,1960,16611
Democratic Republic of the Congo,1965,18856
Democratic Republic of the Congo,1970,21781
Democratic Republic of the Congo,1975,25033
Democratic Republic of the Congo,1980,29011
Democratic Republic of the Congo,1985,33348
Democratic Republic of the Congo,1990,39152
Democratic Republic of the Congo,1995,46705
Democratic Republic of the Congo,2000,52446
Democratic Republic of the Congo,2005,60699
Democratic Republic of the Congo,2010,69852
Democratic Republic of the Congo,2015,79376
Democratic Republic of the Congo,2020,89250
Denmark,1955,4440
Denmark,1960,4582
Denmark,1965,4759
Denmark,1970,4929
Denmark,1975,5060
Denmark,1980,5124
Denmark,1985,5114
Denmark,1990,5141
Denmark,1995,5233
Denmark,2000,5338
Denmark,2005,5433
Denmark,2010,5516
Denmark,2015,5582
Denmark,2020,5643
Djibouti,1955,91
Djibouti,1960,112
Djibouti,1965,143
Djibouti,1970,180
Djibouti,1975,227
Djibouti,1980,327
Djibouti,1985,383
Djibouti,1990,500
Djibouti,1995,554
Djibouti,2000,670
Djibouti,2005,667
Djibouti,2010,741
Djibouti,2015,829
Djibouti,2020,922
Dominica,1955,57
Dominica,1960,60
Dominica,1965,64
Dominica,1970,70
Dominica,1975,74
Dominica,1980,74
Dominica,1985,74
Dominica,1990,71
Dominica,1995,72
Dominica,2000,71
Dominica,2005,73
Dominica,2010,73
Dominica,2015,74
Dominica,2020,75
Dominican Republic,1955,2738
Dominican Republic,1960,3232
Dominican Republic,1965,3806
Dominican Republic,1970,4423
Dominican Republic,1975,5049
Dominican Republic,1980,5697
Dominican Republic,1985,6379
Dominican Republic,1990,7084
Dominican Republic,1995,7759
Dominican Republic,2000,8469
Dominican Republic,2005,9165
Dominican Republic,2010,9824
Dominican Republic,2015,10479
Dominican Republic,2020,11110
Ecuador,1955,3843
Ecuador,1960,4416
Ecuador,1965,5118
Ecuador,1970,5940
Ecuador,1975,6872
Ecuador,1980,7921
Ecuador,1985,9062
Ecuador,1990,10319
Ecuador,1995,11266
Ecuador,2000,12446
Ecuador,2005,13663
Ecuador,2010,14791
Ecuador,2015,15869
Ecuador,2020,16905
Egypt,1955,23856
Egypt,1960,26847
Egypt,1965,30266
Egypt,1970,33575
Egypt,1975,36953
Egypt,1980,42635
Egypt,1985,50053
Egypt,1990,54908
Egypt,1995,58946
Egypt,2000,65159
Egypt,2005,72544
Egypt,2010,80472
Egypt,2015,88488
Egypt,2020,99667
El Salvador,1955,2222
El Salvador,1960,2582
El Salvador,1965,3018
El Salvador,1970,3604
El Salvador,1975,4073
El Salvador,1980,4571
El Salvador,1985,4672
El Salvador,1990,5110
El Salvador,1995,5480
El Salvador,2000,5850
El Salvador,2005,5957
El Salvador,2010,6053
El Salvador,2015,6142
El Salvador,2020,6218
Equatorial Guinea,1955,226
Equatorial Guinea,1960,244
Equatorial Guinea,1965,253
Equatorial Guinea,1970,271
Equatorial Guinea,1975,214
Equatorial Guinea,1980,257
Equatorial Guinea,1985,326
Equatorial Guinea,1990,372
Equatorial Guinea,1995,427
Equatorial Guinea,2000,492
Equatorial Guinea,2005,568
Equatorial Guinea,2010,651
Equatorial Guinea,2015,741
Equatorial Guinea,2020,837
Eritrea,1955,1499
Eritrea,1960,1615
Eritrea,1965,1747
Eritrea,1970,2161
Eritrea,1975,2422
Eritrea,1980,2569
Eritrea,1985,2942
Eritrea,1990,3138
Eritrea,1995,3566
Eritrea,2000,4198
Eritrea,2005,5070
Eritrea,2010,5793
Eritrea,2015,6528
Eritrea,2020,7260
Estonia,1955,1155
Estonia,1960,1211
Estonia,1965,1288
Estonia,1970,1364
Estonia,1975,1433
Estonia,1980,1483
Estonia,1985,1539
Estonia,1990,1570
Estonia,1995,1447
Estonia,2000,1380
Estonia,2005,1332
Estonia,2010,1303
Estonia,2015,1266
Estonia,2020,1229
Eswatini,1955,312
Eswatini,1960,352
Eswatini,1965,400
Eswatini,1970,456
Eswatini,1975,521
Eswatini,1980,612
Eswatini,1985,722
Eswatini,1990,882
Eswatini,1995,1004
Eswatini,2000,1144
Eswatini,2005,1259
Eswatini,2010,1355
Eswatini,2015,1436
Eswatini,2020,1514
Ethiopia,1955,21991
Ethiopia,1960,24169
Ethiopia,1965,26741
Ethiopia,1970,29469
Ethiopia,1975,32976
Ethiopia,1980,36037
Ethiopia,1985,40684
Ethiopia,1990,47555
Ethiopia,1995,55726
Ethiopia,2000,64366
Ethiopia,2005,74355
Ethiopia,2010,86043
Ethiopia,2015,99466
Ethiopia,2020,114641
Faroe Islands,1955,33
Faroe Islands,1960,35
Faroe Islands,1965,38
Faroe Islands,1970,39
Faroe Islands,1975,41
Faroe Islands,1980,44
Faroe Islands,1985,46
Faroe Islands,1990,48
Faroe Islands,1995,44
Faroe Islands,2000,46
Faroe Islands,2005,49
Faroe Islands,2010,50
Faroe Islands,2015,51
Faroe Islands,2020,52
Federated States of Micronesia,1955,36
Federated States of Micronesia,1960,42
Federated States of Micronesia,1965,49
Federated States of Micronesia,1970,57
Federated States of Micronesia,1975,67
Federated States of Micronesia,1980,78
Federated States of Micronesia,1985,91
Federated States of Micronesia,1990,109
Federated States of Micronesia,1995,106
Federated States of Micronesia,2000,108
Federated States of Micronesia,2005,109
Federated States of Micronesia,2010,108
Federated States of Micronesia,2015,106
Federated States of Micronesia,2020,103
Fiji,1955,333
Fiji,1960,394
Fiji,1965,464
Fiji,1970,522
Fiji,1975,577
Fiji,1980,635
Fiji,1985,699
Fiji,1990,740
Fiji,1995,773
Fiji,2000,805
Fiji,2005,837
Fiji,2010,876
Fiji,2015,910
Fiji,2020,936
Finland,1955,4235
Finland,1960,4430
Finland,1965,4564
Finland,1970,4607
Finland,1975,4712
Finland,1980,4780
Finland,1985,4902
Finland,1990,4987
Finland,1995,5105
Finland,2000,5169
Finland,2005,5239
Finland,2010,5355
Finland,2015,5477
Finland,2020,5572
France,1955,44243
France,1960,46612
France,1965,49834
France,1970,51955
France,1975,53998
France,1980,55164
France,1985,56561
France,1990,58256
France,1995,59824
France,2000,61256
France,2005,63060
France,2010,64941
France,2015,66554
France,2020,67849
French Polynesia,1955,72
French Polynesia,1960,82
French Polynesia,1965,95
French Polynesia,1970,115
French Polynesia,1975,134
French Polynesia,1980,151
French Polynesia,1985,176
French Polynesia,1990,200
French Polynesia,1995,217
French Polynesia,2000,236
French Polynesia,2005,254
French Polynesia,2010,269
French Polynesia,2015,283
French Polynesia,2020,296
Gabon,1955,429
Gabon,1960,447
Gabon,1965,475
Gabon,1970,515
Gabon,1975,648
Gabon,1980,714
Gabon,1985,834
Gabon,1990,939
Gabon,1995,1070
Gabon,2000,1237
Gabon,2005,1396
Gabon,2010,1546
Gabon,2015,1706
Gabon,2020,1877
Gambia,1955,307
Gambia,1960,352
Gambia,1965,412
Gambia,1970,485
Gambia,1975,566
Gambia,1980,653
Gambia,1985,773
Gambia,1990,952
Gambia,1995,1162
Gambia,2000,1357
Gambia,2005,1548
Gambia,2010,1756
Gambia,2015,1968
Gambia,2020,2174
Georgia,1955,3828
Georgia,1960,4147
Georgia,1965,4465
Georgia,1970,4695
Georgia,1975,4898
Georgia,1980,5046
Georgia,1985,5193
Georgia,1990,5432
Georgia,1995,5042
Georgia,2000,4819
Georgia,2005,4791
Georgia,2010,4903
Georgia,2015,4932
Georgia,2020,4931
Germany,1955,70196
Germany,1960,72481
Germany,1965,75639
Germany,1970,77784
Germany,1975,78683
Germany,1980,78298
Germany,1985,77685
Germany,1990,79381
Germany,1995,81654
Germany,2000,82184
Germany,2005,82440
Germany,2010,81645
Germany,2015,80855
Germany,2020,82983
Ghana,1955,6049
Ghana,1960,6959
Ghana,1965,8010
Ghana,1970,8789
Ghana,1975,10100
Ghana,1980,11153
Ghana,1985,13573
Ghana,1990,15549
Ghana,1995,17322
Ghana,2000,18982
Ghana,2005,21107
Ghana,2010,23572
Ghana,2015,26328
Ghana,2020,29341
Gibraltar,1955,24
Gibraltar,1960,25
Gibraltar,1965,26
Gibraltar,1970,27
Gibraltar,1975,30
Gibraltar,1980,29
Gibraltar,1985,29
Gibraltar,1990,30
Gibraltar,1995,27
Gibraltar,2000,28
Gibraltar,2005,29
Gibraltar,2010,29
Gibraltar,2015,30
Gibraltar,2020,30
Greece,1955,7966
Greece,1960,8328
Greece,1965,8551
Greece,1970,8793
Greece,1975,9047
Greece,1980,9643
Greece,1985,9924
Greece,1990,10130
Greece,1995,10458
Greece,2000,10560
Greece,2005,10669
Greece,2010,10750
Greece,2015,10776
Greece,2020,10743
Greenland,1955,27
Greenland,1960,33
Greenland,1965,40
Greenland,1970,47
Greenland,1975,50
Greenland,1980,51
Greenland,1985,54
Greenland,1990,56
Greenland,1995,57
Greenland,2000,57
Greenland,2005,58
Greenland,2010,58
Greenland,2015,58
Greenland,2020,58
Grenada,1955,85
Grenada,1960,91
Grenada,1965,94
Grenada,1970,96
Grenada,1975,96
Grenada,1980,91
Grenada,1985,94
Grenada,1990,95
Grenada,1995,98
Grenada,2000,102
Grenada,2005,105
Grenada,2010,108
Grenada,2015,111
Grenada,2020,114
Guam,1955,69
Guam,1960,67
Guam,1965,75
Guam,1970,87
Guam,1975,103
Guam,1980,107
Guam,1985,121
Guam,1990,135
Guam,1995,145
Guam,2000,156
Guam,2005,159
Guam,2010,160
Guam,2015,162
Guam,2020,169
Guatemala,1955,3488
Guatemala,1960,4100
Guatemala,1965,4746
Guatemala,1970,5265
Guatemala,1975,5911
Guatemala,1980,6650
Guatemala,1985,7581
Guatemala,1990,8966
Guatemala,1995,10028
Guatemala,2000,11086
Guatemala,2005,12183
Guatemala,2010,13551
Guatemala,2015,14919
Guatemala,2020,16265
Guernsey,1955,47
Guernsey,1960,47
Guernsey,1965,51
Guernsey,1970,54
Guernsey,1975,54
Guernsey,1980,54
Guernsey,1985,56
Guernsey,1990,63
Guernsey,1995,61
Guernsey,2000,62
Guernsey,2005,64
Guernsey,2010,65
Guernsey,2015,67
Guernsey,2020,68
Guinea,1955,2787
Guinea,1960,3027
Guinea,1965,3314
Guinea,1970,3644
Guinea,1975,4019
Guinea,1980,4448
Guinea,1985,5227
Guinea,1990,6119
Guinea,1995,7446
Guinea,2000,8351
Guinea,2005,9154
Guinea,2010,10325
Guinea,2015,11781
Guinea,2020,13420
Guinea-Bissau,1955,592
Guinea-Bissau,1960,617
Guinea-Bissau,1965,604
Guinea-Bissau,1970,621
Guinea-Bissau,1975,681
Guinea-Bissau,1980,789
Guinea-Bissau,1985,886
Guinea-Bissau,1990,996
Guinea-Bissau,1995,1144
Guinea-Bissau,2000,1279
Guinea-Bissau,2005,1415
Guinea-Bissau,2010,1566
Guinea-Bissau,2015,1727
Guinea-Bissau,2020,1893
Guyana,1955,492
Guyana,1960,572
Guyana,1965,641
Guyana,1970,715
Guyana,1975,768
Guyana,1980,760
Guyana,1985,763
Guyana,1990,772
Guyana,1995,769
Guyana,2000,785
Guyana,2005,775
Guyana,2010,746
Guyana,2015,736
Guyana,2020,751
Haiti,1955,3365
Haiti,1960,3697
Haiti,1965,4094
Haiti,1970,4541
Haiti,1975,4974
Haiti,1980,5508
Haiti,1985,6120
Haiti,1990,6798
Haiti,1995,7571
Haiti,2000,8413
Haiti,2005,9205
Haiti,2010,9649
Haiti,2015,10111
Haiti,2020,10693
Honduras,1955,1663
Honduras,1960,1952
Honduras,1965,2330
Honduras,1970,2761
Honduras,1975,2858
Honduras,1980,3403
Honduras,1985,4078
Honduras,1990,4795
Honduras,1995,5551
Honduras,2000,6360
Honduras,2005,7194
Honduras,2010,7990
Honduras,2015,8747
Honduras,2020,9466
Hong Kong,1955,2491
Hong Kong,1960,3076
Hong Kong,1965,3598
Hong Kong,1970,3960
Hong Kong,1975,4396
Hong Kong,1980,5064
Hong Kong,1985,5457
Hong Kong,1990,5688
Hong Kong,1995,6223
Hong Kong,2000,6656
Hong Kong,2005,6905
Hong Kong,2010,7030
Hong Kong,2015,7142
Hong Kong,2020,7250
Hungary,1955,9826
Hungary,1960,9984
Hungary,1965,10153
Hungary,1970,10338
Hungary,1975,10532
Hungary,1980,10712
Hungary,1985,10649
Hungary,1990,10372
Hungary,1995,10281
Hungary,2000,10148
Hungary,2005,10058
Hungary,2010,9993
Hungary,2015,9898
Hungary,2020,9772
Iceland,1955,159
Iceland,1960,176
Iceland,1965,193
Iceland,1970,205
Iceland,1975,219
Iceland,1980,229
Iceland,1985,242
Iceland,1990,255
Iceland,1995,268
Iceland,2000,282
Iceland,2005,297
Iceland,2010,318
Iceland,2015,332
Iceland,2020,358
India,1955,404268
India,1960,445394
India,1965,494964
India,1970,553889
India,1975,618923
India,1980,684888
India,1985,759613
India,1990,838159
India,1995,920585
India,2000,1006301
India,2005,1090974
India,2010,1173109
India,2015,1251696
India,2020,1326094
Indonesia,1955,90255
Indonesia,1960,100146
Indonesia,1965,110754
Indonesia,1970,122292
Indonesia,1975,135214
Indonesia,1980,150322
Indonesia,1985,166070
Indonesia,1990,181600
Indonesia,1995,197604
Indonesia,2000,214091
Indonesia,2005,229245
Indonesia,2010,243423
Indonesia,2015,255994
Indonesia,2020,279080
Iran,1955,18739
Iran,1960,21600
Iran,1965,25040
Iran,1970,28995
Iran,1975,33468
Iran,1980,39709
Iran,1985,48619
Iran,1990,58101
Iran,1995,64218
Iran,2000,68632
Iran,2005,72283
Iran,2010,76924
Iran,2015,81825
Iran,2020,86544
Iraq,1955,5904
Iraq,1960,6823
Iraq,1965,7971
Iraq,1970,9414
Iraq,1975,11118
Iraq,1980,13233
Iraq,1985,15694
Iraq,1990,18140
Iraq,1995,19658
Iraq,2000,23129
Iraq,2005,27538
Iraq,2010,30527
Iraq,2015,37057
Iraq,2020,42213
Ireland,1955,2917
Ireland,1960,2833
Ireland,1965,2877
Ireland,1970,2951
Ireland,1975,3178
Ireland,1980,3402
Ireland,1985,3541
Ireland,1990,3509
Ireland,1995,3614
Ireland,2000,3823
Ireland,2005,4200
Ireland,2010,4623
Ireland,2015,4893
Ireland,2020,5177
Isle of Man,1955,52
Isle of Man,1960,48
Isle of Man,1965,49
Isle of Man,1970,53
Isle of Man,1975,60
Isle of Man,1980,65
Isle of Man,1985,65
Isle of Man,1990,69
Isle of Man,1995,73
Isle of Man,2000,76
Isle of Man,2005,80
Isle of Man,2010,84
Isle of Man,2015,88
Isle of Man,2020,91
Israel,1955,1771
Israel,1960,2139
Israel,1965,2573
Israel,1970,2895
Israel,1975,3342
Israel,1980,3721
Israel,1985,4050
Israel,1990,4460
Israel,1995,5335
Israel,2000,6098
Israel,2005,6726
Israel,2010,7369
Israel,2015,8050
Israel,2020,9178
Italy,1955,48634
Italy,1960,50198
Italy,1965,51988
Italy,1970,53662
Italy,1975,55572
Italy,1980,56452
Italy,1985,56719
Italy,1990,56714
Italy,1995,57295
Italy,2000,57785
Italy,2005,59038
Italy,2010,60749
Italy,2015,61856
Italy,2020,62403
Ivory Coast,1955,3165
Ivory Coast,1960,3577
Ivory Coast,1965,4357
Ivory Coast,1970,5580
Ivory Coast,1975,7031
Ivory Coast,1980,8594
Ivory Coast,1985,10332
Ivory Coast,1990,12491
Ivory Coast,1995,14846
Ivory Coast,2000,16885
Ivory Coast,2005,18921
Ivory Coast,2010,21059
Ivory Coast,2015,23296
Ivory Coast,2020,25504
Jamaica,1955,1489
Jamaica,1960,1632
Jamaica,1965,1778
Jamaica,1970,1944
Jamaica,1975,2105
Jamaica,1980,2229
Jamaica,1985,2319
Jamaica,1990,2348
Jamaica,1995,2470
Jamaica,2000,2616
Jamaica,2005,2737
Jamaica,2010,2848
Jamaica,2015,2951
Jamaica,2020,3052
Japan,1955,89816
Japan,1960,94092
Japan,1965,98883
Japan,1970,104345
Japan,1975,111574
Japan,1980,116808
Japan,1985,120755
Japan,1990,123538
Japan,1995,125328
Japan,2000,126776
Japan,2005,127716
Japan,2010,127580
Japan,2015,126920
Japan,2020,126138
Jersey,1955,60
Jersey,1960,63
Jersey,1965,67
Jersey,1970,70
Jersey,1975,73
Jersey,1980,76
Jersey,1985,80
Jersey,1990,84
Jersey,1995,85
Jersey,2000,88
Jersey,2005,89
Jersey,2010,94
Jersey,2015,98
Jersey,2020,102
Jordan,1955,689
Jordan,1960,853
Jordan,1965,1069
Jordan,1970,1516
Jordan,1975,1822
Jordan,1980,2190
Jordan,1985,2669
Jordan,1990,3321
Jordan,1995,4249
Jordan,2000,4786
Jordan,2005,5363
Jordan,2010,6501
Jordan,2015,8118
Jordan,2020,7690
Kazakhstan,1955,7977
Kazakhstan,1960,9983
Kazakhstan,1965,11903
Kazakhstan,1970,13107
Kazakhstan,1975,14158
Kazakhstan,1980,15000
Kazakhstan,1985,15999
Kazakhstan,1990,16776
Kazakhstan,1995,16390
Kazakhstan,2000,15688
Kazakhstan,2005,16123
Kazakhstan,2010,17085
Kazakhstan,2015,18158
Kazakhstan,2020,19092
Kenya,1955,7034
Kenya,1960,8157
Kenya,1965,9550
Kenya,1970,11248
Kenya,1975,13434
Kenya,1980,16331
Kenya,1985,19763
Kenya,1990,23361
Kenya,1995,27164
Kenya,2000,30606
Kenya,2005,35247
Kenya,2010,40844
Kenya,2015,45926
Kenya,2020,49859
Kiribati,1955,37
Kiribati,1960,41
Kiribati,1965,45
Kiribati,1970,49
Kiribati,1975,54
Kiribati,1980,58
Kiribati,1985,63
Kiribati,1990,72
Kiribati,1995,77
Kiribati,2000,86
Kiribati,2005,93
Kiribati,2010,100
Kiribati,2015,106
Kiribati,2020,112
Kosovo,1955,854
Kosovo,1960,947
Kosovo,1965,1079
Kosovo,1970,1220
Kosovo,1975,1370
Kosovo,1980,1522
Kosovo,1985,1683
Kosovo,1990,1862
Kosovo,1995,2029
Kosovo,2000,1701
Kosovo,2005,1768
Kosovo,2010,1816
Kosovo,2015,1871
Kosovo,2020,1933
Kuwait,1955,187
Kuwait,1960,293
Kuwait,1965,477
Kuwait,1970,748
Kuwait,1975,1007
Kuwait,1980,1370
Kuwait,1985,1733
Kuwait,1990,2132
Kuwait,1995,1665
Kuwait,2000,1973
Kuwait,2005,2257
Kuwait,2010,2544
Kuwait,2015,2789
Kuwait,2020,2994
Kyrgyzstan,1955,1902
Kyrgyzstan,1960,2172
Kyrgyzstan,1965,2574
Kyrgyzstan,1970,2964
Kyrgyzstan,1975,3301
Kyrgyzstan,1980,3632
Kyrgyzstan,1985,4062
Kyrgyzstan,1990,4484
Kyrgyzstan,1995,4621
Kyrgyzstan,2000,4938
Kyrgyzstan,2005,5165
Kyrgyzstan,2010,5411
Kyrgyzstan,2015,5665
Kyrgyzstan,2020,5965
Laos,1955,2078
Laos,1960,2310
Laos,1965,2566
Laos,1970,2845
Laos,1975,3162
Laos,1980,3294
Laos,1985,3658
Laos,1990,4211
Laos,1995,4847
Laos,2000,5398
Laos,2005,5837
Laos,2010,6369
Laos,2015,6912
Laos,2020,7448
Latvia,1955,2003
Latvia,1960,2116
Latvia,1965,2254
Latvia,1970,2362
Latvia,1975,2462
Latvia,1980,2525
Latvia,1985,2607
Latvia,1990,2664
Latvia,1995,2481
Latvia,2000,2369
Latvia,2005,2259
Latvia,2010,2116
Latvia,2015,1987
Latvia,2020,1882
Lebanon,1955,1561
Lebanon,1960,1787
Lebanon,1965,2058
Lebanon,1970,2384
Lebanon,1975,2693
Lebanon,1980,2902
Lebanon,1985,3177
Lebanon,1990,3452
Lebanon,1995,3673
Lebanon,2000,3835
Lebanon,2005,4139
Lebanon,2010,4493
Lebanon,2015,6185
Lebanon,2020,5470
Lesotho,1955,787
Lesotho,1960,859
Lesotho,1965,953
Lesotho,1970,1068
Lesotho,1975,1196
Lesotho,1980,1359
Lesotho,1985,1552
Lesotho,1990,1704
Lesotho,1995,1848
Lesotho,2000,1917
Lesotho,2005,1923
Lesotho,2010,1920
Lesotho,2015,1948
Lesotho,2020,1970
Liberia,1955,929
Liberia,1960,1055
Liberia,1965,1209
Liberia,1970,1397
Liberia,1975,1617
Liberia,1980,1858
Liberia,1985,2162
Liberia,1990,2139
Liberia,1995,1901
Liberia,2000,2601
Liberia,2005,2931
Liberia,2010,3686
Liberia,2015,4196
Liberia,2020,4728
Libya,1955,1123
Libya,1960,1338
Libya,1965,1624
Libya,1970,2000
Libya,1975,2569
Libya,1980,3061
Libya,1985,3661
Libya,1990,4099
Libya,1995,4584
Libya,2000,5025
Libya,2005,5571
Libya,2010,6111
Libya,2015,6412
Libya,2020,6943
Liechtenstein,1955,15
Liechtenstein,1960,17
Liechtenstein,1965,19
Liechtenstein,1970,22
Liechtenstein,1975,24
Liechtenstein,1980,26
Liechtenstein,1985,27
Liechtenstein,1990,29
Liechtenstein,1995,31
Liechtenstein,2000,33
Liechtenstein,2005,35
Liechtenstein,2010,37
Liechtenstein,2015,38
Liechtenstein,2020,40
Lithuania,1955,2615
Lithuania,1960,2765
Lithuania,1965,2960
Lithuania,1970,3138
Lithuania,1975,3306
Lithuania,1980,3436
Lithuania,1985,3588
Lithuania,1990,3684
Lithuania,1995,3510
Lithuania,2000,3490
Lithuania,2005,3327
Lithuania,2010,3089
Lithuania,2015,2885
Lithuania,2020,2732
Luxembourg,1955,305
Luxembourg,1960,314
Luxembourg,1965,332
Luxembourg,1970,340
Luxembourg,1975,359
Luxembourg,1980,365
Luxembourg,1985,368
Luxembourg,1990,383
Luxembourg,1995,410
Luxembourg,2000,439
Luxembourg,2005,468
Luxembourg,2010,510
Luxembourg,2015,571
Luxembourg,2020,629
Macau,1955,193
Macau,1960,187
Macau,1965,224
Macau,1970,262
Macau,1975,255
Macau,1980,256
Macau,1985,306
Macau,1990,352
Macau,1995,402
Macau,2000,432
Macau,2005,475
Macau,2010,568
Macau,2015,593
Macau,2020,615
Madagascar,1955,5003
Madagascar,1960,5482
Madagascar,1965,6071
Madagascar,1970,6766
Madagascar,1975,7604
Madagascar,1980,8692
Madagascar,1985,10029
Madagascar,1990,11633
Madagascar,1995,13533
Madagascar,2000,15713
Madagascar,2005,18132
Madagascar,2010,20847
Madagascar,2015,23813
Madagascar,2020,26956
Malawi,1955,3089
Malawi,1960,3451
Malawi,1965,3915
Malawi,1970,4509
Malawi,1975,5318
Malawi,1980,6258
Malawi,1985,7321
Malawi,1990,9360
Malawi,1995,9809
Malawi,2000,11130
Malawi,2005,12864
Malawi,2010,15183
Malawi,2015,17965
Malawi,2020,21197
Malaysia,1955,7312
Malaysia,1960,8429
Malaysia,1965,9648
Malaysia,1970,10911
Malaysia,1975,12131
Malaysia,1980,13461
Malaysia,1985,15650
Malaysia,1990,17883
Malaysia,1995,20340
Malaysia,2000,23152
Malaysia,2005,25969
Malaysia,2010,28275
Malaysia,2015,30514
Malaysia,2020,32653
Maldives,1955,81
Maldives,1960,93
Maldives,1965,98
Maldives,1970,115
Maldives,1975,133
Maldives,1980,153
Maldives,1985,178
Maldives,1990,217
Maldives,1995,261
Maldives,2000,300
Maldives,2005,337
Maldives,2010,396
Maldives,2015,394
Maldives,2020,392
Mali,1955,4072
Mali,1960,4495
Mali,1965,4978
Mali,1970,5547
Mali,1975,6218
Mali,1980,6869
Mali,1985,7623
Mali,1990,8487
Mali,1995,9489
Mali,2000,10788
Mali,2005,12528
Mali,2010,14583
Mali,2015,16956
Mali,2020,19714
Malta,1955,315
Malta,1960,329
Malta,1965,320
Malta,1970,326
Malta,1975,328
Malta,1980,365
Malta,1985,348
Malta,1990,360
Malta,1995,377
Malta,2000,390
Malta,2005,399
Malta,2010,407
Malta,2015,414
Malta,2020,420
Marshall Islands,1955,13
Marshall Islands,1960,16
Marshall Islands,1965,18
Marshall Islands,1970,22
Marshall Islands,1975,27
Marshall Islands,1980,31
Marshall Islands,1985,39
Marshall Islands,1990,46
Marshall Islands,1995,50
Marshall Islands,2000,54
Marshall Islands,2005,60
Marshall Islands,2010,66
Marshall Islands,2015,73
Marshall Islands,2020,78
Mauritania,1955,1054
Mauritania,1960,1118
Mauritania,1965,1196
Mauritania,1970,1290
Mauritania,1975,1405
Mauritania,1980,1545
Mauritania,1985,1724
Mauritania,1990,1925
Mauritania,1995,2235
Mauritania,2000,2501
Mauritania,2005,2838
Mauritania,2010,3206
Mauritania,2015,3597
Mauritania,2020,4006
Mauritius,1955,572
Mauritius,1960,664
Mauritius,1965,756
Mauritius,1970,830
Mauritius,1975,886
Mauritius,1980,964
Mauritius,1985,1021
Mauritius,1990,1062
Mauritius,1995,1124
Mauritius,2000,1186
Mauritius,2005,1243
Mauritius,2010,1295
Mauritius,2015,1340
Mauritius,2020,1380
Mexico,1955,32930
Mexico,1960,38579
Mexico,1965,45143
Mexico,1970,52776
Mexico,1975,60679
Mexico,1980,68348
Mexico,1985,76601
Mexico,1990,84635
Mexico,1995,92584
Mexico,2000,99776
Mexico,2005,106577
Mexico,2010,114062
Mexico,2015,121737
Mexico,2020,128650
Moldova,1955,2623
Moldova,1960,2999
Moldova,1965,3334
Moldova,1970,3595
Moldova,1975,3847
Moldova,1980,3997
Moldova,1985,4149
Moldova,1990,4375
Moldova,1995,4356
Moldova,2000,4181
Moldova,2005,3949
Moldova,2010,3732
Moldova,2015,3547
Moldova,2020,3365
Monaco,1955,19
Monaco,1960,21
Monaco,1965,23
Monaco,1970,24
Monaco,1975,26
Monaco,1980,27
Monaco,1985,29
Monaco,1990,30
Monaco,1995,31
Monaco,2000,32
Monaco,2005,32
Monaco,2010,31
Monaco,2015,31
Monaco,2020,31
Mongolia,1955,845
Mongolia,1960,955
Mongolia,1965,1091
Mongolia,1970,1248
Mongolia,1975,1446
Mongolia,1980,1656
Mongolia,1985,1860
Mongolia,1990,2122
Mongolia,1995,2307
Mongolia,2000,2461
Mongolia,2005,2603
Mongolia,2010,2784
Mongolia,2015,2993
Mongolia,2020,3169
Montenegro,1955,432
Montenegro,1960,462
Montenegro,1965,492
Montenegro,1970,515
Montenegro,1975,550
Montenegro,1980,561
Montenegro,1985,561
Montenegro,1990,584
Montenegro,1995,671
Montenegro,2000,733
Montenegro,2005,700
Montenegro,2010,667
Montenegro,2015,648
Montenegro,2020,640
Montserrat,1955,13
Montserrat,1960,13
Montserrat,1965,12
Montserrat,1970,12
Montserrat,1975,13
Montserrat,1980,12
Montserrat,1985,12
Montserrat,1990,11
Montserrat,1995,11
Montserrat,2000,4
Montserrat,2005,5
Montserrat,2010,6
Montserrat,2015,6
Montserrat,2020,6
Morocco,1955,10782
Morocco,1960,12424
Morocco,1965,14067
Morocco,1970,15910
Morocco,1975,17688
Morocco,1980,19488
Morocco,1985,21644
Morocco,1990,24000
Morocco,1995,26148
Morocco,2000,28114
Morocco,2005,29901
Morocco,2010,31628
Morocco,2015,33323
Morocco,2020,37956
Mozambique,1955,6782
Mozambique,1960,7473
Mozambique,1965,8302
Mozambique,1970,9305
Mozambique,1975,10433
Mozambique,1980,12103
Mozambique,1985,13294
Mozambique,1990,12990
Mozambique,1995,15889
Mozambique,2000,17997
Mozambique,2005,20069
Mozambique,2010,22418
Mozambique,2015,25304
Mozambique,2020,28604
Myanmar,1955,21050
Myanmar,1960,22840
Myanmar,1965,24938
Myanmar,1970,27393
Myanmar,1975,30330
Myanmar,1980,33337
Myanmar,1985,36766
Myanmar,1990,40464
Myanmar,1995,43994
Myanmar,2000,47439
Myanmar,2005,50573
Myanmar,2010,53415
Myanmar,2015,56321
Myanmar,2020,59126
Namibia,1955,522
Namibia,1960,591
Namibia,1965,671
Namibia,1970,765
Namibia,1975,916
Namibia,1980,1059
Namibia,1985,1205
Namibia,1990,1471
Namibia,1995,1682
Namibia,2000,1894
Namibia,2005,2029
Namibia,2010,2129
Namibia,2015,2213
Namibia,2020,2263
Nauru,1955,4
Nauru,1960,5
Nauru,1965,6
Nauru,1970,7
Nauru,1975,8
Nauru,1980,8
Nauru,1985,9
Nauru,1990,10
Nauru,1995,10
Nauru,2000,10
Nauru,2005,11
Nauru,2010,10
Nauru,2015,10
Nauru,2020,10
Nepal,1955,9480
Nepal,1960,10035
Nepal,1965,10863
Nepal,1970,11919
Nepal,1975,13156
Nepal,1980,14666
Nepal,1985,16570
Nepal,1990,18919
Nepal,1995,21877
Nepal,2000,24819
Nepal,2005,27094
Nepal,2010,28952
Nepal,2015,31552
Nepal,2020,34209
Netherlands,1955,10759
Netherlands,1960,11494
Netherlands,1965,12302
Netherlands,1970,13043
Netherlands,1975,13665
Netherlands,1980,14156
Netherlands,1985,14505
Netherlands,1990,14966
Netherlands,1995,15477
Netherlands,2000,15931
Netherlands,2005,16300
Netherlands,2010,16574
Netherlands,2015,16948
Netherlands,2020,17281
New Caledonia,1955,65
New Caledonia,1960,79
New Caledonia,1965,91
New Caledonia,1970,113
New Caledonia,1975,134
New Caledonia,1980,140
New Caledonia,1985,153
New Caledonia,1990,169
New Caledonia,1995,192
New Caledonia,2000,212
New Caledonia,2005,233
New Caledonia,2010,253
New Caledonia,2015,272
New Caledonia,2020,291
New Zealand,1955,2137
New Zealand,1960,2372
New Zealand,1965,2641
New Zealand,1970,2829
New Zealand,1975,3118
New Zealand,1980,3171
New Zealand,1985,3324
New Zealand,1990,3414
New Zealand,1995,3643
New Zealand,2000,3803
New Zealand,2005,4049
New Zealand,2010,4253
New Zealand,2015,4439
New Zealand,2020,4715
Nicaragua,1955,1278
Nicaragua,1960,1493
Nicaragua,1965,1751
Nicaragua,1970,2053
Nicaragua,1975,2395
Nicaragua,1980,2804
Nicaragua,1985,3181
Nicaragua,1990,3644
Nicaragua,1995,4402
Nicaragua,2000,4867
Nicaragua,2005,5268
Nicaragua,2010,5605
Nicaragua,2015,5908
Nicaragua,2020,6204
Niger,1955,3560
Niger,1960,3913
Niger,1965,4344
Niger,1970,4841
Niger,1975,5420
Niger,1980,6094
Niger,1985,6870
Niger,1990,7826
Niger,1995,9111
Niger,2000,10726
Niger,2005,12783
Niger,2010,15271
Niger,2015,18046
Niger,2020,21152
Nigeria,1955,35955
Nigeria,1960,41551
Nigeria,1965,48068
Nigeria,1970,55591
Nigeria,1975,64428
Nigeria,1980,74829
Nigeria,1985,84898
Nigeria,1990,96685
Nigeria,1995,109753
Nigeria,2000,123946
Nigeria,2005,141190
Nigeria,2010,160342
Nigeria,2015,181563
Nigeria,2020,204950
North Korea,1955,8864
North Korea,1960,10448
North Korea,1965,11965
North Korea,1970,14062
North Korea,1975,16015
North Korea,1980,17391
North Korea,1985,18831
North Korea,1990,20452
North Korea,1995,22108
North Korea,2000,22785
North Korea,2005,23621
North Korea,2010,24326
North Korea,2015,24984
North Korea,2020,25644
North Macedonia,1955,1341
North Macedonia,1960,1367
North Macedonia,1965,1470
North Macedonia,1970,1575
North Macedonia,1975,1685
North Macedonia,1980,1793
North Macedonia,1985,1845
North Macedonia,1990,1862
North Macedonia,1995,1955
North Macedonia,2000,2015
North Macedonia,2005,2046
North Macedonia,2010,2073
North Macedonia,2015,2097
North Macedonia,2020,2113
Northern Mariana Islands,1955,8
Northern Mariana Islands,1960,9
Northern Mariana Islands,1965,11
Northern Mariana Islands,1970,13
Northern Mariana Islands,1975,15
Northern Mariana Islands,1980,17
Northern Mariana Islands,1985,22
Northern Mariana Islands,1990,45
Northern Mariana Islands,1995,58
Northern Mariana Islands,2000,70
Northern Mariana Islands,2005,71
Northern Mariana Islands,2010,54
Northern Mariana Islands,2015,53
Northern Mariana Islands,2020,58
Norway,1955,3428
Norway,1960,3582
Norway,1965,3724
Norway,1970,3878
Norway,1975,4008
Norway,1980,4086
Norway,1985,4153
Norway,1990,4243
Norway,1995,4360
Norway,2000,4493
Norway,2005,4625
Norway,2010,4892
Norway,2015,5208
Norway,2020,5468
Oman,1955,540
Oman,1960,602
Oman,1965,682
Oman,1970,784
Oman,1975,921
Oman,1980,1186
Oman,1985,1498
Oman,1990,1795
Oman,1995,2139
Oman,2000,2433
Oman,2005,2697
Oman,2010,2968
Oman,2015,3287
Oman,2020,3635
Pakistan,1955,45536
Pakistan,1960,51719
Pakistan,1965,59047
Pakistan,1970,67492
Pakistan,1975,76457
Pakistan,1980,85220
Pakistan,1985,102079
Pakistan,1990,118817
Pakistan,1995,134186
Pakistan,2000,152430
Pakistan,2005,169279
Pakistan,2010,184405
Pakistan,2015,199086
Pakistan,2020,213720
Palau,1955,9
Palau,1960,10
Palau,1965,11
Palau,1970,13
Palau,1975,13
Palau,1980,14
Palau,1985,14
Palau,1990,16
Palau,1995,18
Palau,2000,20
Palau,2005,21
Palau,2010,21
Palau,2015,22
Palau,2020,22
Palestine,1955,1055
Palestine,1960,1115
Palestine,1965,1212
Palestine,1970,1033
Palestine,1975,1201
Palestine,1980,1361
Palestine,1985,1578
Palestine,1990,1899
Palestine,1995,2508
Palestine,2000,3111
Palestine,2005,3599
Palestine,2010,4120
Palestine,2015,4656
Palestine,2020,5181
Panama,1955,1011
Panama,1960,1148
Panama,1965,1326
Panama,1970,1532
Panama,1975,1750
Panama,1980,1960
Panama,1985,2168
Panama,1990,2394
Panama,1995,2639
Panama,2000,2900
Panama,2005,3156
Panama,2010,3411
Panama,2015,3658
Panama,2020,3895
Papua New Guinea,1955,1546
Papua New Guinea,1960,1719
Papua New Guinea,1965,1941
Papua New Guinea,1970,2214
Papua New Guinea,1975,2505
Papua New Guinea,1980,2847
Papua New Guinea,1985,3229
Papua New Guinea,1990,3683
Papua New Guinea,1995,4216
Papua New Guinea,2000,4813
Papua New Guinea,2005,5440
Papua New Guinea,2010,6065
Papua New Guinea,2015,6673
Papua New Guinea,2020,7260
Paraguay,1955,1684
Paraguay,1960,1910
Paraguay,1965,2171
Paraguay,1970,2477
Paraguay,1975,2849
Paraguay,1980,3172
Paraguay,1985,3634
Paraguay,1990,4201
Paraguay,1995,4826
Paraguay,2000,5419
Paraguay,2005,5926
Paraguay,2010,6376
Paraguay,2015,6784
Paraguay,2020,7192
Peru,1955,8672
Peru,1960,9932
Peru,1965,11468
Peru,1970,13193
Peru,1975,15162
Peru,1980,17296
Peru,1985,19380
Peru,1990,21565
Peru,1995,23864
Peru,2000,25797
Peru,2005,27443
Peru,2010,28948
Peru,2015,30445
Peru,2020,31915
Philippines,1955,24336
Philippines,1960,28026
Philippines,1965,32391
Philippines,1970,37253
Philippines,1975,42406
Philippines,1980,48290
Philippines,1985,54589
Philippines,1990,61481
Philippines,1995,68472
Philippines,2000,76452
Philippines,2005,84965
Philippines,2010,93137
Philippines,2015,100999
Philippines,2020,109181
Poland,1955,27221
Poland,1960,29590
Poland,1965,31263
Poland,1970,32527
Poland,1975,33970
Poland,1980,35579
Poland,1985,37226
Poland,1990,38120
Poland,1995,38601
Poland,2000,38655
Poland,2005,38557
Poland,2010,38617
Poland,2015,38563
Poland,2020,38283
Portugal,1955,8693
Portugal,1960,9037
Portugal,1965,9129
Portugal,1970,9045
Portugal,1975,9412
Portugal,1980,9778
Portugal,1985,9898
Portugal,1990,9923
Portugal,1995,10066
Portugal,2000,10336
Portugal,2005,10567
Portugal,2010,10736
Portugal,2015,10826
Portugal,2020,10843
Puerto Rico,1955,2251
Puerto Rico,1960,2359
Puerto Rico,1965,2597
Puerto Rico,1970,2722
Puerto Rico,1975,2936
Puerto Rico,1980,3210
Puerto Rico,1985,3383
Puerto Rico,1990,3537
Puerto Rico,1995,3684
Puerto Rico,2000,3811
Puerto Rico,2005,3822
Puerto Rico,2010,3722
Puerto Rico,2015,3599
Puerto Rico,2020,3520
Qatar,1955,36
Qatar,1960,46
Qatar,1965,71
Qatar,1970,113
Qatar,1975,165
Qatar,1980,230
Qatar,1985,343
Qatar,1990,434
Qatar,1995,510
Qatar,2000,640
Qatar,2005,973
Qatar,2010,1720
Qatar,2015,2195
Qatar,2020,2445
Republic of the Congo,1955,904
Republic of the Congo,1960,1003
Republic of the Congo,1965,1124
Republic of the Congo,1970,1273
Republic of the Congo,1975,1456
Republic of the Congo,1980,1676
Republic of the Congo,1985,1927
Republic of the Congo,1990,2221
Republic of the Congo,1995,2570
Republic of the Congo,2000,2940
Republic of the Congo,2005,3473
Republic of the Congo,2010,4238
Republic of the Congo,2015,4756
Republic of the Congo,2020,5294
Romania,1955,17326
Romania,1960,18404
Romania,1965,19028
Romania,1970,20253
Romania,1975,21246
Romania,1980,22131
Romania,1985,22522
Romania,1990,22866
Romania,1995,22688
Romania,2000,22448
Romania,2005,22198
Romania,2010,21960
Romania,2015,21667
Romania,2020,21303
Russia,1955,111126
Russia,1960,119632
Russia,1965,126542
Russia,1970,130246
Russia,1975,134294
Russia,1980,139039
Russia,1985,143938
Russia,1990,147973
Russia,1995,148759
Russia,2000,147054
Russia,2005,143320
Russia,2010,142527
Russia,2015,142424
Russia,2020,145723
Rwanda,1955,2699
Rwanda,1960,3032
Rwanda,1965,3265
Rwanda,1970,3770
Rwanda,1975,4357
Rwanda,1980,5140
Rwanda,1985,5987
Rwanda,1990,7000
Rwanda,1995,5473
Rwanda,2000,8399
Rwanda,2005,9612
Rwanda,2010,11056
Rwanda,2015,12662
Rwanda,2020,14328
Saint Barthélemy,1955,3
Saint Barthélemy,1960,3
Saint Barthélemy,1965,3
Saint Barthélemy,1970,3
Saint Barthélemy,1975,3
Saint Barthélemy,1980,3
Saint Barthélemy,1985,4
Saint Barthélemy,1990,6
Saint Barthélemy,1995,7
Saint Barthélemy,2000,8
Saint Barthélemy,2005,8
Saint Barthélemy,2010,8
Saint Barthélemy,2015,8
Saint Barthélemy,2020,8
"Saint Helena, Ascension and Tristan da Cunha",1955,6
"Saint Helena, Ascension and Tristan da Cunha",1960,6
"Saint Helena, Ascension and Tristan da Cunha",1965,6
"Saint Helena, Ascension and Tristan da Cunha",1970,6
"Saint Helena, Ascension and Tristan da Cunha",1975,7
"Saint Helena, Ascension and Tristan da Cunha",1980,7
"Saint Helena, Ascension and Tristan da Cunha",1985,8
"Saint Helena, Ascension and Tristan da Cunha",1990,7
"Saint Helena, Ascension and Tristan da Cunha",1995,7
"Saint Helena, Ascension and Tristan da Cunha",2000,8
"Saint Helena, Ascension and Tristan da Cunha",2005,8
"Saint Helena, Ascension and Tristan da Cunha",2010,8
"Saint Helena, Ascension and Tristan da Cunha",2015,8
"Saint Helena, Ascension and Tristan da Cunha",2020,8
Saint Kitts and Nevis,1955,50
Saint Kitts and Nevis,1960,52
Saint Kitts and Nevis,1965,49
Saint Kitts and Nevis,1970,47
Saint Kitts and Nevis,1975,45
Saint Kitts and Nevis,1980,44
Saint Kitts and Nevis,1985,43
Saint Kitts and Nevis,1990,42
Saint Kitts and Nevis,1995,44
Saint Kitts and Nevis,2000,46
Saint Kitts and Nevis,2005,48
Saint Kitts and Nevis,2010,50
Saint Kitts and Nevis,2015,52
Saint Kitts and Nevis,2020,54
Saint Lucia,1955,86
Saint Lucia,1960,88
Saint Lucia,1965,95
Saint Lucia,1970,103
Saint Lucia,1975,113
Saint Lucia,1980,123
Saint Lucia,1985,132
Saint Lucia,1990,138
Saint Lucia,1995,147
Saint Lucia,2000,154
Saint Lucia,2005,158
Saint Lucia,2010,161
Saint Lucia,2015,164
Saint Lucia,2020,167
Saint Martin,1955,4
Saint Martin,1960,5
Saint Martin,1965,5
Saint Martin,1970,6
Saint Martin,1975,7
Saint Martin,1980,8
Saint Martin,1985,16
Saint Martin,1990,31
Saint Martin,1995,33
Saint Martin,2000,29
Saint Martin,2005,28
Saint Martin,2010,31
Saint Martin,2015,32
Saint Martin,2020,33
Saint Pierre and Miquelon,1955,5
Saint Pierre and Miquelon,1960,5
Saint Pierre and Miquelon,1965,6
Saint Pierre and Miquelon,1970,6
Saint Pierre and Miquelon,1975,6
Saint Pierre and Miquelon,1980,6
Saint Pierre and Miquelon,1985,7
Saint Pierre and Miquelon,1990,7
Saint Pierre and Miquelon,1995,7
Saint Pierre and Miquelon,2000,7
Saint Pierre and Miquelon,2005,7
Saint Pierre and Miquelon,2010,6
Saint Pierre and Miquelon,2015,6
Saint Pierre and Miquelon,2020,6
Saint Vincent and the Grenadines,1955,76
Saint Vincent and the Grenadines,1960,82
Saint Vincent and the Grenadines,1965,86
Saint Vincent and the Grenadines,1970,88
Saint Vincent and the Grenadines,1975,93
Saint Vincent and the Grenadines,1980,99
Saint Vincent and the Grenadines,1985,104
Saint Vincent and the Grenadines,1990,108
Saint Vincent and the Grenadines,1995,109
Saint Vincent and the Grenadines,2000,108
Saint Vincent and the Grenadines,2005,107
Saint Vincent and the Grenadines,2010,105
Saint Vincent and the Grenadines,2015,103
Saint Vincent and the Grenadines,2020,102
Samoa,1955,94
Samoa,1960,111
Samoa,1965,128
Samoa,1970,143
Samoa,1975,151
Samoa,1980,160
Samoa,1985,161
Samoa,1990,163
Samoa,1995,169
Samoa,2000,177
Samoa,2005,185
Samoa,2010,193
Samoa,2015,198
Samoa,2020,204
San Marino,1955,14
San Marino,1960,16
San Marino,1965,18
San Marino,1970,20
San Marino,1975,20
San Marino,1980,22
San Marino,1985,23
San Marino,1990,24
San Marino,1995,25
San Marino,2000,28
San Marino,2005,30
San Marino,2010,32
San Marino,2015,34
San Marino,2020,35
Saudi Arabia,1955,4244
Saudi Arabia,1960,4719
Saudi Arabia,1965,5328
Saudi Arabia,1970,6110
Saudi Arabia,1975,7208
Saudi Arabia,1980,10022
Saudi Arabia,1985,13331
Saudi Arabia,1990,16061
Saudi Arabia,1995,18756
Saudi Arabia,2000,21312
Saudi Arabia,2005,23643
Saudi Arabia,2010,25732
Saudi Arabia,2015,27753
Saudi Arabia,2020,29819
Senegal,1955,2927
Senegal,1960,3270
Senegal,1965,3744
Senegal,1970,4318
Senegal,1975,4990
Senegal,1980,5612
Senegal,1985,6379
Senegal,1990,7348
Senegal,1995,8379
Senegal,2000,9470
Senegal,2005,10805
Senegal,2010,12324
Senegal,2015,13976
Senegal,2020,15737
Serbia,1955,6314
Serbia,1960,6659
Serbia,1965,6959
Serbia,1970,7249
Serbia,1975,7432
Serbia,1980,7588
Serbia,1985,7720
Serbia,1990,7787
Serbia,1995,7692
Serbia,2000,7605
Serbia,2005,7503
Serbia,2010,7345
Serbia,2015,7177
Serbia,2020,7013
Seychelles,1955,36
Seychelles,1960,42
Seychelles,1965,48
Seychelles,1970,55
Seychelles,1975,60
Seychelles,1980,64
Seychelles,1985,68
Seychelles,1990,71
Seychelles,1995,75
Seychelles,2000,80
Seychelles,2005,84
Seychelles,2010,89
Seychelles,2015,93
Seychelles,2020,96
Sierra Leone,1955,2233
Sierra Leone,1960,2397
Sierra Leone,1965,2582
Sierra Leone,1970,2790
Sierra Leone,1975,3031
Sierra Leone,1980,3336
Sierra Leone,1985,3704
Sierra Leone,1990,4229
Sierra Leone,1995,3882
Sierra Leone,2000,3810
Sierra Leone,2005,4709
Sierra Leone,2010,5246
Sierra Leone,2015,5880
Sierra Leone,2020,6625
Singapore,1955,1306
Singapore,1960,1647
Singapore,1965,1887
Singapore,1970,2075
Singapore,1975,2263
Singapore,1980,2414
Singapore,1985,2750
Singapore,1990,3048
Singapore,1995,3567
Singapore,2000,4064
Singapore,2005,4606
Singapore,2010,5141
Singapore,2015,5675
Singapore,2020,6210
Sint Maarten,1955,3
Sint Maarten,1960,3
Sint Maarten,1965,5
Sint Maarten,1970,7
Sint Maarten,1975,11
Sint Maarten,1980,13
Sint Maarten,1985,20
Sint Maarten,1990,30
Sint Maarten,1995,32
Sint Maarten,2000,31
Sint Maarten,2005,34
Sint Maarten,2010,38
Sint Maarten,2015,41
Sint Maarten,2020,44
Slovakia,1955,3727
Slovakia,1960,3995
Slovakia,1965,4370
Slovakia,1970,4524
Slovakia,1975,4730
Slovakia,1980,4966
Slovakia,1985,5145
Slovakia,1990,5263
Slovakia,1995,5362
Slovakia,2000,5401
Slovakia,2005,5408
Slovakia,2010,5427
Slovakia,2015,5446
Slovakia,2020,5441
Slovenia,1955,1518
Slovenia,1960,1558
Slovenia,1965,1621
Slovenia,1970,1676
Slovenia,1975,1723
Slovenia,1980,1834
Slovenia,1985,1915
Slovenia,1990,1992
Slovenia,1995,2003
Slovenia,2000,2011
Slovenia,2005,2012
Slovenia,2010,2004
Slovenia,2015,1984
Slovenia,2020,1952
Solomon Islands,1955,115
Solomon Islands,1960,127
Solomon Islands,1965,144
Solomon Islands,1970,164
Solomon Islands,1975,194
Solomon Islands,1980,231
Solomon Islands,1985,273
Solomon Islands,1990,322
Solomon Islands,1995,376
Solomon Islands,2000,434
Solomon Islands,2005,496
Solomon Islands,2010,560
Solomon Islands,2015,623
Solomon Islands,2020,686
Somalia,1955,2674
Somalia,1960,2956
Somalia,1965,3283
Somalia,1970,3667
Somalia,1975,4128
Somalia,1980,5794
Somalia,1985,6459
Somalia,1990,6693
Somalia,1995,6401
Somalia,2000,7501
Somalia,2005,8791
Somalia,2010,9768
Somalia,2015,10617
Somalia,2020,11758
South Africa,1955,15369
South Africa,1960,17417
South Africa,1965,19899
South Africa,1970,22740
South Africa,1975,25816
South Africa,1980,29252
South Africa,1985,34255
South Africa,1990,38504
South Africa,1995,42148
South Africa,2000,44914
South Africa,2005,48105
South Africa,2010,51123
South Africa,2015,53676
South Africa,2020,56464
South Korea,1955,21552
South Korea,1960,24785
South Korea,1965,28706
South Korea,1970,32242
South Korea,1975,35282
South Korea,1980,38125
South Korea,1985,40807
South Korea,1990,42870
South Korea,1995,45106
South Korea,2000,46839
South Korea,2005,48006
South Korea,2010,48637
South Korea,2015,49116
South Korea,2020,49362
South Sudan,1955,2757
South Sudan,1960,2809
South Sudan,1965,2862
South Sudan,1970,2915
South Sudan,1975,3396
South Sudan,1980,4668
South Sudan,1985,5320
South Sudan,1990,4960
South Sudan,1995,5193
South Sudan,2000,6297
South Sudan,2005,7634
South Sudan,2010,9585
South Sudan,2015,12043
South Sudan,2020,14559
Spain,1955,29319
Spain,1960,30642
Spain,1965,32085
Spain,1970,33877
Spain,1975,35564
Spain,1980,37489
Spain,1985,38535
Spain,1990,39351
Spain,1995,39765
Spain,2000,40590
Spain,2005,43705
Spain,2010,46506
Spain,2015,48147
Spain,2020,50016
Sri Lanka,1955,8694
Sri Lanka,1960,9914
Sri Lanka,1965,11261
Sri Lanka,1970,12619
Sri Lanka,1975,13780
Sri Lanka,1980,15056
Sri Lanka,1985,15848
Sri Lanka,1990,16862
Sri Lanka,1995,17942
Sri Lanka,2000,19042
Sri Lanka,2005,20103
Sri Lanka,2010,21084
Sri Lanka,2015,22054
Sri Lanka,2020,22890
Sudan,1955,7391
Sudan,1960,8447
Sudan,1965,9653
Sudan,1970,11031
Sudan,1975,12708
Sudan,1980,14784
Sudan,1985,17507
Sudan,1990,21130
Sudan,1995,24517
Sudan,2000,27068
Sudan,2005,29884
Sudan,2010,32997
Sudan,2015,36109
Sudan,2020,41131
Suriname,1955,241
Suriname,1960,285
Suriname,1965,337
Suriname,1970,373
Suriname,1975,363
Suriname,1980,355
Suriname,1985,395
Suriname,1990,417
Suriname,1995,428
Suriname,2000,465
Suriname,2005,504
Suriname,2010,546
Suriname,2015,580
Suriname,2020,610
Sweden,1955,7263
Sweden,1960,7481
Sweden,1965,7734
Sweden,1970,8043
Sweden,1975,8193
Sweden,1980,8311
Sweden,1985,8357
Sweden,1990,8601
Sweden,1995,8878
Sweden,2000,8925
Sweden,2005,9083
Sweden,2010,9433
Sweden,2015,9802
Sweden,2020,10203
Switzerland,1955,4981
Switzerland,1960,5363
Switzerland,1965,5944
Switzerland,1970,6268
Switzerland,1975,6404
Switzerland,1980,6386
Switzerland,1985,6568
Switzerland,1990,6844
Switzerland,1995,7165
Switzerland,2000,7278
Switzerland,2005,7449
Switzerland,2010,7770
Switzerland,2015,8122
Switzerland,2020,8404
Syria,1955,3938
Syria,1960,4531
Syria,1965,5323
Syria,1970,6253
Syria,1975,7398
Syria,1980,8740
Syria,1985,10479
Syria,1990,12534
Syria,1995,14487
Syria,2000,16515
Syria,2005,18615
Syria,2010,21766
Syria,2015,17065
Syria,2020,22347
São Tomé and Príncipe,1955,61
São Tomé and Príncipe,1960,64
São Tomé and Príncipe,1965,69
São Tomé and Príncipe,1970,74
São Tomé and Príncipe,1975,82
São Tomé and Príncipe,1980,95
São Tomé and Príncipe,1985,105
São Tomé and Príncipe,1990,116
São Tomé and Príncipe,1995,128
São Tomé and Príncipe,2000,141
São Tomé and Príncipe,2005,158
São Tomé and Príncipe,2010,176
São Tomé and Príncipe,2015,195
São Tomé and Príncipe,2020,212
Taiwan,1955,9486
Taiwan,1960,11210
Taiwan,1965,12978
Taiwan,1970,14599
Taiwan,1975,16123
Taiwan,1980,17849
Taiwan,1985,19338
Taiwan,1990,20279
Taiwan,1995,21291
Taiwan,2000,22185
Taiwan,2005,22728
Taiwan,2010,23127
Taiwan,2015,23416
Taiwan,2020,23604
Tajikistan,1955,1781
Tajikistan,1960,2081
Tajikistan,1965,2511
Tajikistan,1970,2939
Tajikistan,1975,3449
Tajikistan,1980,3967
Tajikistan,1985,4569
Tajikistan,1990,5273
Tajikistan,1995,5679
Tajikistan,2000,6230
Tajikistan,2005,6815
Tajikistan,2010,7488
Tajikistan,2015,8192
Tajikistan,2020,8874
Tanzania,1955,8971
Tanzania,1960,10260
Tanzania,1965,11871
Tanzania,1970,13807
Tanzania,1975,16148
Tanzania,1980,18654
Tanzania,1985,21485
Tanzania,1990,24805
Tanzania,1995,29065
Tanzania,2000,33194
Tanzania,2005,38487
Tanzania,2010,44289
Tanzania,2015,51046
Tanzania,2020,58553
Thailand,1955,23452
Thailand,1960,27513
Thailand,1965,32062
Thailand,1970,37091
Thailand,1975,42273
Thailand,1980,47026
Thailand,1985,51759
Thailand,1990,56097
Thailand,1995,59818
Thailand,2000,62902
Thailand,2005,65113
Thailand,2010,66721
Thailand,2015,67977
Thailand,2020,68978
Timor-Leste,1955,473
Timor-Leste,1960,509
Timor-Leste,1965,554
Timor-Leste,1970,598
Timor-Leste,1975,677
Timor-Leste,1980,558
Timor-Leste,1985,649
Timor-Leste,1990,740
Timor-Leste,1995,868
Timor-Leste,2000,768
Timor-Leste,2005,985
Timor-Leste,2010,1088
Timor-Leste,2015,1232
Timor-Leste,2020,1384
Togo,1955,1299
Togo,1960,1456
Togo,1965,1648
Togo,1970,1965
Togo,1975,2267
Togo,1980,2626
Togo,1985,3130
Togo,1990,3721
Togo,1995,4203
Togo,2000,4992
Togo,2005,5715
Togo,2010,6588
Togo,2015,7553
Togo,2020,8609
Tonga,1955,55
Tonga,1960,64
Tonga,1965,75
Tonga,1970,84
Tonga,1975,90
Tonga,1980,92
Tonga,1985,95
Tonga,1990,97
Tonga,1995,98
Tonga,2000,101
Tonga,2005,104
Tonga,2010,106
Tonga,2015,107
Tonga,2020,107
Trinidad and Tobago,1955,721
Trinidad and Tobago,1960,842
Trinidad and Tobago,1965,940
Trinidad and Tobago,1970,956
Trinidad and Tobago,1975,1007
Trinidad and Tobago,1980,1091
Trinidad and Tobago,1985,1190
Trinidad and Tobago,1990,1256
Trinidad and Tobago,1995,1265
Trinidad and Tobago,2000,1252
Trinidad and Tobago,2005,1237
Trinidad and Tobago,2010,1229
Trinidad and Tobago,2015,1223
Trinidad and Tobago,2020,1209
Tunisia,1955,3847
Tunisia,1960,4150
Tunisia,1965,4566
Tunisia,1970,5099
Tunisia,1975,5704
Tunisia,1980,6444
Tunisia,1985,7364
Tunisia,1990,8208
Tunisia,1995,8947
Tunisia,2000,9508
Tunisia,2005,10013
Tunisia,2010,10526
Tunisia,2015,11038
Tunisia,2020,11495
Turkey,1955,24145
Turkey,1960,28218
Turkey,1965,31951
Turkey,1970,35759
Turkey,1975,40530
Turkey,1980,45048
Turkey,1985,50989
Turkey,1990,56545
Turkey,1995,61296
Turkey,2000,65970
Turkey,2005,70465
Turkey,2010,74687
Turkey,2015,79415
Turkey,2020,82018
Turkmenistan,1955,1348
Turkmenistan,1960,1585
Turkmenistan,1965,1883
Turkmenistan,1970,2182
Turkmenistan,1975,2524
Turkmenistan,1980,2876
Turkmenistan,1985,3241
Turkmenistan,1990,3659
Turkmenistan,1995,4079
Turkmenistan,2000,4386
Turkmenistan,2005,4665
Turkmenistan,2010,4941
Turkmenistan,2015,5232
Turkmenistan,2020,5929
Turks and Caicos Islands,1955,6
Turks and Caicos Islands,1960,6
Turks and Caicos Islands,1965,6
Turks and Caicos Islands,1970,6
Turks and Caicos Islands,1975,7
Turks and Caicos Islands,1980,8
Turks and Caicos Islands,1985,10
Turks and Caicos Islands,1990,12
Turks and Caicos Islands,1995,15
Turks and Caicos Islands,2000,20
Turks and Caicos Islands,2005,28
Turks and Caicos Islands,2010,44
Turks and Caicos Islands,2015,51
Turks and Caicos Islands,2020,56
Tuvalu,1955,5
Tuvalu,1960,6
Tuvalu,1965,6
Tuvalu,1970,6
Tuvalu,1975,7
Tuvalu,1980,8
Tuvalu,1985,9
Tuvalu,1990,10
Tuvalu,1995,10
Tuvalu,2000,11
Tuvalu,2005,11
Tuvalu,2010,11
Tuvalu,2015,11
Tuvalu,2020,12
Uganda,1955,6318
Uganda,1960,7262
Uganda,1965,8390
Uganda,1970,9716
Uganda,1975,10761
Uganda,1980,12020
Uganda,1985,13811
Uganda,1990,16549
Uganda,1995,19641
Uganda,2000,22917
Uganda,2005,26917
Uganda,2010,31508
Uganda,2015,37102
Uganda,2020,43518
Ukraine,1955,39369
Ukraine,1960,42645
Ukraine,1965,45235
Ukraine,1970,47236
Ukraine,1975,48974
Ukraine,1980,50047
Ukraine,1985,50945
Ukraine,1990,51623
Ukraine,1995,51248
Ukraine,2000,49014
Ukraine,2005,47003
Ukraine,2010,45769
Ukraine,2015,44430
Ukraine,2020,43923
United Arab Emirates,1955,83
United Arab Emirates,1960,104
United Arab Emirates,1965,144
United Arab Emirates,1970,250
United Arab Emirates,1975,523
United Arab Emirates,1980,1001
United Arab Emirates,1985,1364
United Arab Emirates,1990,1827
United Arab Emirates,1995,2458
United Arab Emirates,2000,3220
United Arab Emirates,2005,4087
United Arab Emirates,2010,4976
United Arab Emirates,2015,5780
United Arab Emirates,2020,6496
United Kingdom,1955,50947
United Kingdom,1960,52373
United Kingdom,1965,54351
United Kingdom,1970,55633
United Kingdom,1975,56216
United Kingdom,1980,56315
United Kingdom,1985,56585
United Kingdom,1990,57411
United Kingdom,1995,58187
United Kingdom,2000,59140
United Kingdom,2005,60488
United Kingdom,2010,62349
United Kingdom,2015,64089
United Kingdom,2020,65762
United States,1955,165070
United States,1960,179980
United States,1965,193527
United States,1970,203985
United States,1975,215466
United States,1980,227225
United States,1985,237924
United States,1990,249623
United States,1995,266279
United States,2000,282163
United States,2005,295517
United States,2010,309348
United States,2015,321369
United States,2020,334504
United States Virgin Islands,1955,28
United States Virgin Islands,1960,33
United States Virgin Islands,1965,44
United States Virgin Islands,1970,64
United States Virgin Islands,1975,95
United States Virgin Islands,1980,100
United States Virgin Islands,1985,101
United States Virgin Islands,1990,104
United States Virgin Islands,1995,108
United States Virgin Islands,2000,109
United States Virgin Islands,2005,108
United States Virgin Islands,2010,107
United States Virgin Islands,2015,104
United States Virgin Islands,2020,101
Uruguay,1955,2354
Uruguay,1960,2531
Uruguay,1965,2694
Uruguay,1970,2824
Uruguay,1975,2844
Uruguay,1980,2931
Uruguay,1985,3019
Uruguay,1990,3086
Uruguay,1995,3151
Uruguay,2000,3220
Uruguay,2005,3265
Uruguay,2010,3302
Uruguay,2015,3342
Uruguay,2020,3388
Uzbekistan,1955,7233
Uzbekistan,1960,8532
Uzbekistan,1965,10206
Uzbekistan,1970,11941
Uzbekistan,1975,13988
Uzbekistan,1980,15994
Uzbekistan,1985,18216
Uzbekistan,1990,20531
Uzbekistan,1995,23068
Uzbekistan,2000,25042
Uzbekistan,2005,26540
Uzbekistan,2010,27866
Uzbekistan,2015,29200
Uzbekistan,2020,30566
Vanuatu,1955,59
Vanuatu,1960,67
Vanuatu,1965,75
Vanuatu,1970,86
Vanuatu,1975,100
Vanuatu,1980,117
Vanuatu,1985,135
Vanuatu,1990,154
Vanuatu,1995,173
Vanuatu,2000,192
Vanuatu,2005,218
Vanuatu,2010,246
Vanuatu,2015,273
Vanuatu,2020,299
Venezuela,1955,6171
Venezuela,1960,7557
Venezuela,1965,9068
Venezuela,1970,10759
Venezuela,1975,12675
Venezuela,1980,14768
Venezuela,1985,16998
Venezuela,1990,19326
Venezuela,1995,21550
Venezuela,2000,23493
Venezuela,2005,25270
Venezuela,2010,27224
Venezuela,2015,29276
Venezuela,2020,31276
Vietnam,1955,27739
Vietnam,1960,31657
Vietnam,1965,37259
Vietnam,1970,42577
Vietnam,1975,48076
Vietnam,1980,53716
Vietnam,1985,60094
Vietnam,1990,67259
Vietnam,1995,73784
Vietnam,2000,79178
Vietnam,2005,84425
Vietnam,2010,89572
Vietnam,2015,94349
Vietnam,2020,98722
Wallis and Futuna,1955,8
Wallis and Futuna,1960,8
Wallis and Futuna,1965,9
Wallis and Futuna,1970,9
Wallis and Futuna,1975,9
Wallis and Futuna,1980,11
Wallis and Futuna,1985,14
Wallis and Futuna,1990,14
Wallis and Futuna,1995,15
Wallis and Futuna,2000,15
Wallis and Futuna,2005,16
Wallis and Futuna,2010,16
Wallis and Futuna,2015,16
Wallis and Futuna,2020,16
Western Sahara,1955,16
Western Sahara,1960,28
Western Sahara,1965,50
Western Sahara,1970,90
Western Sahara,1975,73
Western Sahara,1980,125
Western Sahara,1985,180
Western Sahara,1990,218
Western Sahara,1995,264
Western Sahara,2000,337
Western Sahara,2005,416
Western Sahara,2010,492
Western Sahara,2015,571
Western Sahara,2020,653
World,1955,2782099
World,1960,3043002
World,1965,3350426
World,1970,3712698
World,1975,4089084
World,1980,4451363
World,1985,4856463
World,1990,5288956
World,1995,5699203
World,2000,6088572
World,2005,6473045
World,2010,6866333
World,2015,7256491
World,2020,7643403
Yemen,1955,5266
Yemen,1960,5872
Yemen,1965,6511
Yemen,1970,7099
Yemen,1975,7935
Yemen,1980,9133
Yemen,1985,10540
Yemen,1990,12417
Yemen,1995,14832
Yemen,2000,17236
Yemen,2005,20003
Yemen,2010,23210
Yemen,2015,26738
Yemen,2020,29885
Zambia,1955,2870
Zambia,1960,3255
Zambia,1965,3695
Zambia,1970,4241
Zambia,1975,4849
Zambia,1980,5541
Zambia,1985,6536
Zambia,1990,7604
Zambia,1995,8691
Zambia,2000,9984
Zambia,2005,11373
Zambia,2010,13042
Zambia,2015,15067
Zambia,2020,17427
Zimbabwe,1955,3410
Zimbabwe,1960,4011
Zimbabwe,1965,4686
Zimbabwe,1970,5515
Zimbabwe,1975,6342
Zimbabwe,1980,7170
Zimbabwe,1985,8561
Zimbabwe,1990,10157
Zimbabwe,1995,11160
Zimbabwe,2000,11821
Zimbabwe,2005,11640
Zimbabwe,2010,11652
Zimbabwe,2015,14230
Zimbabwe,2020,15832
