Country,Year,population_predicted
Afghanistan,1990,19424
Afghanistan,1995,21488
Afghanistan,2000,23551
Afghanistan,2005,25615
Afghanistan,2010,27678
Afghanistan,2015,29741
Afghanistan,2020,31805
Afghanistan,2025,33868
Afghanistan,2030,35931
Afghanistan,2035,37995
Afghanistan,2040,40058
Afghanistan,2045,42122
Afghanistan,2050,44185
Albania,1990,2762
Albania,1995,2892
Albania,2000,3022
Albania,2005,3151
Albania,2010,3281
Albania,2015,3411
Albania,2020,3541
Albania,2025,3670
Albania,2030,3800
Albania,2035,3930
Albania,2040,4060
Albania,2045,4189
Albania,2050,4319
Algeria,1990,25322
Algeria,1995,28055
Algeria,2000,30788
Algeria,2005,33521
Algeria,2010,36254
Algeria,2015,38987
Algeria,2020,41720
Algeria,2025,44453
Algeria,2030,47186
Algeria,2035,49919
Algeria,2040,52652
Algeria,2045,55385
Algeria,2050,58118
American Samoa,1990,42
American Samoa,1995,45
American Samoa,2000,49
American Samoa,2005,52
American Samoa,2010,56
American Samoa,2015,59
American Samoa,2020,62
American Samoa,2025,66
American Samoa,2030,69
American Samoa,2035,72
American Samoa,2040,76
American Samoa,2045,79
American Samoa,2050,82
Andorra,1990,50
Andorra,1995,57
Andorra,2000,64
Andorra,2005,71
Andorra,2010,79
Andorra,2015,86
Andorra,2020,93
Andorra,2025,100
Andorra,2030,107
Andorra,2035,114
Andorra,2040,121
Andorra,2045,128
Andorra,2050,135
Angola,1990,11049
Angola,1995,12465
Angola,2000,13880
Angola,2005,15296
Angola,2010,16711
Angola,2015,18127
Angola,2020,19542
Angola,2025,20958
Angola,2030,22373
Angola,2035,23789
Angola,2040,25204
Angola,2045,26620
Angola,2050,28035
Anguilla,1990,10
Anguilla,1995,11
Anguilla,2000,12
Anguilla,2005,13
Anguilla,2010,14
Anguilla,2015,15
Anguilla,2020,16
Anguilla,2025,17
Anguilla,2030,18
Anguilla,2035,19
Anguilla,2040,20
Anguilla,2045,21
Anguilla,2050,22
Antigua and Barbuda,1990,73
Antigua and Barbuda,1995,76
Antigua and Barbuda,2000,79
Antigua and Barbuda,2005,82
Antigua and Barbuda,2010,85
Antigua and Barbuda,2015,88
Antigua and Barbuda,2020,91
Antigua and Barbuda,2025,94
Antigua and Barbuda,2030,97
Antigua and Barbuda,2035,100
Antigua and Barbuda,2040,103
Antigua and Barbuda,2045,106
Antigua and Barbuda,2050,109
Argentina,1990,32809
Argentina,1995,34921
Argentina,2000,37033
Argentina,2005,39145
Argentina,2010,41257
Argentina,2015,43369
Argentina,2020,45482
Argentina,2025,47594
Argentina,2030,49706
Argentina,2035,51818
Argentina,2040,53930
Argentina,2045,56042
Argentina,2050,58154
Armenia,1990,2982
Armenia,1995,3075
Armenia,2000,3168
Armenia,2005,3261
Armenia,2010,3354
Armenia,2015,3447
Armenia,2020,3540
Armenia,2025,3634
Armenia,2030,3727
Armenia,2035,3820
Armenia,2040,3913
Armenia,2045,4006
Armenia,2050,4099
Aruba,1990,77
Aruba,1995,82
Aruba,2000,87
Aruba,2005,92
Aruba,2010,97
Aruba,2015,103
Aruba,2020,108
Aruba,2025,113
Aruba,2030,118
Aruba,2035,123
Aruba,2040,128
Aruba,2045,133
Aruba,2050,138
Australia,1990,16993
Australia,1995,18110
Australia,2000,19226
Australia,2005,20343
Australia,2010,21459
Australia,2015,22576
Australia,2020,23693
Australia,2025,24809
Australia,2030,25926
Australia,2035,27043
Australia,2040,28159
Australia,2045,29276
Australia,2050,30392
Austria,1990,7895
Austria,1995,8034
Austria,2000,8174
Austria,2005,8313
Austria,2010,8452
Austria,2015,8592
Austria,2020,8731
Austria,2025,8870
Austria,2030,9010
Austria,2035,9149
Austria,2040,9289
Austria,2045,9428
Austria,2050,9567
Azerbaijan,1990,7277
Azerbaijan,1995,7808
Azerbaijan,2000,8338
Azerbaijan,2005,8869
Azerbaijan,2010,9399
Azerbaijan,2015,9930
Azerbaijan,2020,10460
Azerbaijan,2025,10991
Azerbaijan,2030,11521
Azerbaijan,2035,12052
Azerbaijan,2040,12582
Azerbaijan,2045,13113
Azerbaijan,2050,13643
Bahamas,1990,240
Bahamas,1995,259
Bahamas,2000,277
Bahamas,2005,296
Bahamas,2010,314
Bahamas,2015,333
Bahamas,2020,352
Bahamas,2025,370
Bahamas,2030,389
Bahamas,2035,407
Bahamas,2040,426
Bahamas,2045,445
Bahamas,2050,463
Bahrain,1990,628
Bahrain,1995,734
Bahrain,2000,841
Bahrain,2005,948
Bahrain,2010,1054
Bahrain,2015,1161
Bahrain,2020,1267
Bahrain,2025,1374
Bahrain,2030,1480
Bahrain,2035,1587
Bahrain,2040,1693
Bahrain,2045,1800
Bahrain,2050,1907
Bangladesh,1990,110744
Bangladesh,1995,120859
Bangladesh,2000,130975
Bangladesh,2005,141090
Bangladesh,2010,151205
Bangladesh,2015,161320
Bangladesh,2020,171435
Bangladesh,2025,181550
Bangladesh,2030,191665
Bangladesh,2035,201780
Bangladesh,2040,211895
Bangladesh,2045,222010
Bangladesh,2050,232125
Barbados,1990,263
Barbados,1995,268
Barbados,2000,273
Barbados,2005,279
Barbados,2010,284
Barbados,2015,290
Barbados,2020,295
Barbados,2025,300
Barbados,2030,306
Barbados,2035,311
Barbados,2040,317
Barbados,2045,322
Barbados,2050,328
Belarus,1990,9578
Belarus,1995,9698
Belarus,2000,9818
Belarus,2005,9938
Belarus,2010,10058
Belarus,2015,10177
Belarus,2020,10297
Belarus,2025,10417
Belarus,2030,10537
Belarus,2035,10657
Belarus,2040,10777
Belarus,2045,10897
Belarus,2050,11017
Belgium,1990,10200
Belgium,1995,10380
Belgium,2000,10560
Belgium,2005,10739
Belgium,2010,10919
Belgium,2015,11099
Belgium,2020,11279
Belgium,2025,11459
Belgium,2030,11639
Belgium,2035,11819
Belgium,2040,11999
Belgium,2045,12179
Belgium,2050,12359
Belize,1990,209
Belize,1995,233
Belize,2000,256
Belize,2005,280
Belize,2010,303
Belize,2015,326
Belize,2020,350
Belize,2025,373
Belize,2030,397
Belize,2035,420
Belize,2040,443
Belize,2045,467
Belize,2050,490
Benin,1990,5625
Benin,1995,6416
Benin,2000,7206
Benin,2005,7997
Benin,2010,8787
Benin,2015,9578
Benin,2020,10368
Benin,2025,11159
Benin,2030,11949
Benin,2035,12740
Benin,2040,13530
Benin,2045,14321
Benin,2050,15111
Bermuda,1990,59
Bermuda,1995,61
Bermuda,2000,63
Bermuda,2005,65
Bermuda,2010,67
Bermuda,2015,69
Bermuda,2020,71
Bermuda,2025,73
Bermuda,2030,76
Bermuda,2035,78
Bermuda,2040,80
Bermuda,2045,82
Bermuda,2050,84
Bhutan,1990,528
Bhutan,1995,577
Bhutan,2000,626
Bhutan,2005,675
Bhutan,2010,724
Bhutan,2015,773
Bhutan,2020,822
Bhutan,2025,871
Bhutan,2030,920
Bhutan,2035,969
Bhutan,2040,1018
Bhutan,2045,1067
Bhutan,2050,1116
Bolivia,1990,7002
Bolivia,1995,7678
Bolivia,2000,8355
Bolivia,2005,9031
Bolivia,2010,9707
Bolivia,2015,10383
Bolivia,2020,11059
Bolivia,2025,11735
Bolivia,2030,12411
Bolivia,2035,13088
Bolivia,2040,13764
Bolivia,2045,14440
Bolivia,2050,15116
Bosnia and Herzegovina,1990,3871
Bosnia and Herzegovina,1995,3905
Bosnia and Herzegovina,2000,3940
Bosnia and Herzegovina,2005,3975
Bosnia and Herzegovina,2010,4009
Bosnia and Herzegovina,2015,4044
Bosnia and Herzegovina,2020,4078
Bosnia and Herzegovina,2025,4113
Bosnia and Herzegovina,2030,4148
Bosnia and Herzegovina,2035,4182
Bosnia and Herzegovina,2040,4217
Bosnia and Herzegovina,2045,4251
Bosnia and Herzegovina,2050,4286
Botswana,1990,1298
Botswana,1995,1459
Botswana,2000,1621
Botswana,2005,1783
Botswana,2010,1944
Botswana,2015,2106
Botswana,2020,2268
Botswana,2025,2429
Botswana,2030,2591
Botswana,2035,2753
Botswana,2040,2914
Botswana,2045,3076
Botswana,2050,3238
Brazil,1990,146329
Brazil,1995,158772
Brazil,2000,171215
Brazil,2005,183658
Brazil,2010,196100
Brazil,2015,208543
Brazil,2020,220986
Brazil,2025,233428
Brazil,2030,245871
Brazil,2035,258314
Brazil,2040,270756
Brazil,2045,283199
Brazil,2050,295642
British Virgin Islands,1990,18
British Virgin Islands,1995,21
British Virgin Islands,2000,23
British Virgin Islands,2005,26
British Virgin Islands,2010,28
British Virgin Islands,2015,31
British Virgin Islands,2020,33
British Virgin Islands,2025,35
British Virgin Islands,2030,38
British Virgin Islands,2035,40
British Virgin Islands,2040,43
British Virgin Islands,2045,45
British Virgin Islands,2050,48
Brunei,1990,259
Brunei,1995,292
Brunei,2000,324
Brunei,2005,357
Brunei,2010,389
Brunei,2015,421
Brunei,2020,454
Brunei,2025,486
Brunei,2030,518
Brunei,2035,551
Brunei,2040,583
Brunei,2045,615
Brunei,2050,648
Bulgaria,1990,8186
Bulgaria,1995,8098
Bulgaria,2000,8011
Bulgaria,2005,7923
Bulgaria,2010,7836
Bulgaria,2015,7748
Bulgaria,2020,7660
Bulgaria,2025,7573
Bulgaria,2030,7485
Bulgaria,2035,7398
Bulgaria,2040,7310
Bulgaria,2045,7223
Bulgaria,2050,7135
Burkina Faso,1990,10334
Burkina Faso,1995,11683
Burkina Faso,2000,13032
Burkina Faso,2005,14380
Burkina Faso,2010,15729
Burkina Faso,2015,17077
Burkina Faso,2020,18426
Burkina Faso,2025,19775
Burkina Faso,2030,21123
Burkina Faso,2035,22472
Burkina Faso,2040,23821
Burkina Faso,2045,25169
Burkina Faso,2050,26518
Burundi,1990,6233
Burundi,1995,6978
Burundi,2000,7724
Burundi,2005,8469
Burundi,2010,9215
Burundi,2015,9960
Burundi,2020,10706
Burundi,2025,11451
Burundi,2030,12197
Burundi,2035,12943
Burundi,2040,13688
Burundi,2045,14434
Burundi,2050,15179
Cambodia,1990,10281
Cambodia,1995,11190
Cambodia,2000,12099
Cambodia,2005,13007
Cambodia,2010,13916
Cambodia,2015,14825
Cambodia,2020,15734
Cambodia,2025,16643
Cambodia,2030,17551
Cambodia,2035,18460
Cambodia,2040,19369
Cambodia,2045,20278
Cambodia,2050,21187
Cameroon,1990,13489
Cameroon,1995,15219
Cameroon,2000,16949
Cameroon,2005,18679
Cameroon,2010,20409
Cameroon,2015,22140
Cameroon,2020,23870
Cameroon,2025,25600
Cameroon,2030,27330
Cameroon,2035,29060
Cameroon,2040,30791
Cameroon,2045,32521
Cameroon,2050,34251
Canada,1990,27678
Canada,1995,29196
Canada,2000,30714
Canada,2005,32231
Canada,2010,33749
Canada,2015,35267
Canada,2020,36784
Canada,2025,38302
Canada,2030,39820
Canada,2035,41337
Canada,2040,42855
Canada,2045,44373
Canada,2050,45890
Cape Verde,1990,371
Cape Verde,1995,402
Cape Verde,2000,432
Cape Verde,2005,463
Cape Verde,2010,494
Cape Verde,2015,525
Cape Verde,2020,555
Cape Verde,2025,586
Cape Verde,2030,617
Cape Verde,2035,648
Cape Verde,2040,678
Cape Verde,2045,709
Cape Verde,2050,740
Cayman Islands,1990,29
Cayman Islands,1995,34
Cayman Islands,2000,39
Cayman Islands,2005,43
Cayman Islands,2010,48
Cayman Islands,2015,52
Cayman Islands,2020,57
Cayman Islands,2025,62
Cayman Islands,2030,66
Cayman Islands,2035,71
Cayman Islands,2040,75
Cayman Islands,2045,80
Cayman Islands,2050,85
Central African Republic,1990,3315
Central African Republic,1995,3688
Central African Republic,2000,4061
Central African Republic,2005,4435
Central African Republic,2010,4808
Central African Republic,2015,5181
Central African Republic,2020,5555
Central African Republic,2025,5928
Central African Republic,2030,6302
Central African Republic,2035,6675
Central African Republic,2040,7048
Central African Republic,2045,7422
Central African Republic,2050,7795
Chad,1990,6738
Chad,1995,7535
Chad,2000,8332
Chad,2005,9129
Chad,2010,9926
Chad,2015,10723
Chad,2020,11520
Chad,2025,12317
Chad,2030,13114
Chad,2035,13911
Chad,2040,14708
Chad,2045,15505
Chad,2050,16302
Chile,1990,12993
Chile,1995,13898
Chile,2000,14804
Chile,2005,15709
Chile,2010,16614
Chile,2015,17520
Chile,2020,18425
Chile,2025,19331
Chile,2030,20236
Chile,2035,21142
Chile,2040,22047
Chile,2045,22953
Chile,2050,23858
China,1990,1095484
China,1995,1161047
China,2000,1226610
China,2005,1292173
China,2010,1357736
China,2015,1423299
China,2020,1488862
China,2025,1554426
China,2030,1619989
China,2035,1685552
China,2040,1751115
China,2045,1816678
China,2050,1882241
Colombia,1990,32778
Colombia,1995,35595
Colombia,2000,38413
Colombia,2005,41230
Colombia,2010,44048
Colombia,2015,46865
Colombia,2020,49683
Colombia,2025,52501
Colombia,2030,55318
Colombia,2035,58136
Colombia,2040,60953
Colombia,2045,63771
Colombia,2050,66588
Comoros,1990,461
Comoros,1995,516
Comoros,2000,571
Comoros,2005,626
Comoros,2010,681
Comoros,2015,736
Comoros,2020,792
Comoros,2025,847
Comoros,2030,902
Comoros,2035,957
Comoros,2040,1012
Comoros,2045,1067
Comoros,2050,1122
Cook Islands,1990,16
Cook Islands,1995,16
Cook Islands,2000,15
Cook Islands,2005,14
Cook Islands,2010,13
Cook Islands,2015,12
Cook Islands,2020,12
Cook Islands,2025,11
Cook Islands,2030,10
Cook Islands,2035,9
Cook Islands,2040,8
Cook Islands,2045,8
Cook Islands,2050,7
Costa Rica,1990,3083
Costa Rica,1995,3415
Costa Rica,2000,3747
Costa Rica,2005,4079
Costa Rica,2010,4411
Costa Rica,2015,4743
Costa Rica,2020,5075
Costa Rica,2025,5407
Costa Rica,2030,5739
Costa Rica,2035,6071
Costa Rica,2040,6403
Costa Rica,2045,6735
Costa Rica,2050,7067
Croatia,1990,4380
Croatia,1995,4417
Croatia,2000,4454
Croatia,2005,4491
Croatia,2010,4527
Croatia,2015,4564
Croatia,2020,4601
Croatia,2025,4638
Croatia,2030,4674
Croatia,2035,4711
Croatia,2040,4748
Croatia,2045,4785
Croatia,2050,4821
Cuba,1990,9965
Cuba,1995,10308
Cuba,2000,10651
Cuba,2005,10994
Cuba,2010,11337
Cuba,2015,11681
Cuba,2020,12024
Cuba,2025,12367
Cuba,2030,12710
Cuba,2035,13053
Cuba,2040,13397
Cuba,2045,13740
Cuba,2050,14083
Curaçao,1990,144
Curaçao,1995,145
Curaçao,2000,146
Curaçao,2005,147
Curaçao,2010,149
Curaçao,2015,150
Curaçao,2020,151
Curaçao,2025,152
Curaçao,2030,153
Curaçao,2035,155
Curaçao,2040,156
Curaçao,2045,157
Curaçao,2050,158
Cyprus,1990,823
Cyprus,1995,880
Cyprus,2000,936
Cyprus,2005,993
Cyprus,2010,1049
Cyprus,2015,1106
Cyprus,2020,1162
Cyprus,2025,1218
Cyprus,2030,1275
Cyprus,2035,1331
Cyprus,2040,1388
Cyprus,2045,1444
Cyprus,2050,1501
Czech Republic,1990,10235
Czech Republic,1995,10314
Czech Republic,2000,10394
Czech Republic,2005,10473
Czech Republic,2010,10553
Czech Republic,2015,10632
Czech Republic,2020,10712
Czech Republic,2025,10791
Czech Republic,2030,10871
Czech Republic,2035,10950
Czech Republic,2040,11029
Czech Republic,2045,11109
Czech Republic,2050,11188
Democratic Republic of the Congo,1990,44520
Democratic Republic of the Congo,1995,50406
Democratic Republic of the Congo,2000,56293
Democratic Republic of the Congo,2005,62180
Democratic Republic of the Congo,2010,68066
Democratic Republic of the Congo,2015,73953
Democratic Republic of the Congo,2020,79840
Democratic Republic of the Congo,2025,85727
Democratic Republic of the Congo,2030,91613
Democratic Republic of the Congo,2035,97500
Democratic Republic of the Congo,2040,103387
Democratic Republic of the Congo,2045,109274
Democratic Republic of the Congo,2050,115160
Denmark,1990,5189
Denmark,1995,5269
Denmark,2000,5349
Denmark,2005,5428
Denmark,2010,5508
Denmark,2015,5588
Denmark,2020,5668
Denmark,2025,5748
Denmark,2030,5827
Denmark,2035,5907
Denmark,2040,5987
Denmark,2045,6067
Denmark,2050,6146
Djibouti,1990,477
Djibouti,1995,547
Djibouti,2000,616
Djibouti,2005,686
Djibouti,2010,755
Djibouti,2015,825
Djibouti,2020,894
Djibouti,2025,964
Djibouti,2030,1033
Djibouti,2035,1103
Djibouti,2040,1172
Djibouti,2045,1242
Djibouti,2050,1311
Dominica,1990,71
Dominica,1995,72
Dominica,2000,73
Dominica,2005,74
Dominica,2010,75
Dominica,2015,76
Dominica,2020,77
Dominica,2025,78
Dominica,2030,79
Dominica,2035,79
Dominica,2040,80
Dominica,2045,81
Dominica,2050,82
Dominican Republic,1990,7100
Dominican Republic,1995,7765
Dominican Republic,2000,8429
Dominican Republic,2005,9093
Dominican Republic,2010,9757
Dominican Republic,2015,10421
Dominican Republic,2020,11085
Dominican Republic,2025,11750
Dominican Republic,2030,12414
Dominican Republic,2035,13078
Dominican Republic,2040,13742
Dominican Republic,2045,14406
Dominican Republic,2050,15070
Ecuador,1990,10319
Ecuador,1995,11383
Ecuador,2000,12447
Ecuador,2005,13512
Ecuador,2010,14576
Ecuador,2015,15641
Ecuador,2020,16705
Ecuador,2025,17770
Ecuador,2030,18834
Ecuador,2035,19899
Ecuador,2040,20963
Ecuador,2045,22027
Ecuador,2050,23092
Egypt,1990,57145
Egypt,1995,63059
Egypt,2000,68974
Egypt,2005,74888
Egypt,2010,80803
Egypt,2015,86717
Egypt,2020,92632
Egypt,2025,98546
Egypt,2030,104461
Egypt,2035,110375
Egypt,2040,116290
Egypt,2045,122204
Egypt,2050,128119
El Salvador,1990,4875
El Salvador,1995,5191
El Salvador,2000,5507
El Salvador,2005,5823
El Salvador,2010,6139
El Salvador,2015,6454
El Salvador,2020,6770
El Salvador,2025,7086
El Salvador,2030,7402
El Salvador,2035,7717
El Salvador,2040,8033
El Salvador,2045,8349
El Salvador,2050,8665
Equatorial Guinea,1990,429
Equatorial Guinea,1995,477
Equatorial Guinea,2000,525
Equatorial Guinea,2005,573
Equatorial Guinea,2010,622
Equatorial Guinea,2015,670
Equatorial Guinea,2020,718
Equatorial Guinea,2025,766
Equatorial Guinea,2030,814
Equatorial Guinea,2035,862
Equatorial Guinea,2040,910
Equatorial Guinea,2045,958
Equatorial Guinea,2050,1006
Eritrea,1990,3739
Eritrea,1995,4184
Eritrea,2000,4630
Eritrea,2005,5076
Eritrea,2010,5521
Eritrea,2015,5967
Eritrea,2020,6413
Eritrea,2025,6858
Eritrea,2030,7304
Eritrea,2035,7749
Eritrea,2040,8195
Eritrea,2045,8641
Eritrea,2050,9086
Estonia,1990,1390
Estonia,1995,1391
Estonia,2000,1392
Estonia,2005,1394
Estonia,2010,1395
Estonia,2015,1396
Estonia,2020,1397
Estonia,2025,1398
Estonia,2030,1399
Estonia,2035,1400
Estonia,2040,1401
Estonia,2045,1402
Estonia,2050,1403
Eswatini,1990,885
Eswatini,1995,989
Eswatini,2000,1092
Eswatini,2005,1196
Eswatini,2010,1299
Eswatini,2015,1402
Eswatini,2020,1506
Eswatini,2025,1609
Eswatini,2030,1713
Eswatini,2035,1816
Eswatini,2040,1919
Eswatini,2045,2023
Eswatini,2050,2126
Ethiopia,1990,56064
Ethiopia,1995,63181
Ethiopia,2000,70298
Ethiopia,2005,77416
Ethiopia,2010,84533
Ethiopia,2015,91650
Ethiopia,2020,98767
Ethiopia,2025,105885
Ethiopia,2030,113002
Ethiopia,2035,120119
Ethiopia,2040,127236
Ethiopia,2045,134354
Ethiopia,2050,141471
Faroe Islands,1990,45
Faroe Islands,1995,46
Faroe Islands,2000,47
Faroe Islands,2005,49
Faroe Islands,2010,50
Faroe Islands,2015,51
Faroe Islands,2020,53
Faroe Islands,2025,54
Faroe Islands,2030,55
Faroe Islands,2035,57
Faroe Islands,2040,58
Faroe Islands,2045,60
Faroe Islands,2050,61
Federated States of Micronesia,1990,87
Federated States of Micronesia,1995,94
Federated States of Micronesia,2000,100
Federated States of Micronesia,2005,106
Federated States of Micronesia,2010,112
Federated States of Micronesia,2015,118
Federated States of Micronesia,2020,124
Federated States of Micronesia,2025,131
Federated States of Micronesia,2030,137
Federated States of Micronesia,2035,143
Federated States of Micronesia,2040,149
Federated States of Micronesia,2045,155
Federated States of Micronesia,2050,161
Fiji,1990,707
Fiji,1995,752
Fiji,2000,798
Fiji,2005,843
Fiji,2010,888
Fiji,2015,934
Fiji,2020,979
Fiji,2025,1024
Fiji,2030,1070
Fiji,2035,1115
Fiji,2040,1160
Fiji,2045,1206
Fiji,2050,1251
Finland,1990,4992
Finland,1995,5085
Finland,2000,5178
Finland,2005,5271
Finland,2010,5364
Finland,2015,5457
Finland,2020,5550
Finland,2025,5643
Finland,2030,5736
Finland,2035,5829
Finland,2040,5922
Finland,2045,6015
Finland,2050,6108
France,1990,58160
France,1995,59841
France,2000,61522
France,2005,63204
France,2010,64885
France,2015,66566
France,2020,68247
France,2025,69928
France,2030,71609
France,2035,73291
France,2040,74972
France,2045,76653
France,2050,78334
French Polynesia,1990,192
French Polynesia,1995,211
French Polynesia,2000,230
French Polynesia,2005,248
French Polynesia,2010,267
French Polynesia,2015,286
French Polynesia,2020,305
French Polynesia,2025,323
French Polynesia,2030,342
French Polynesia,2035,361
French Polynesia,2040,379
French Polynesia,2045,398
French Polynesia,2050,417
Gabon,1990,1023
Gabon,1995,1143
Gabon,2000,1263
Gabon,2005,1384
Gabon,2010,1504
Gabon,2015,1624
Gabon,2020,1744
Gabon,2025,1864
Gabon,2030,1984
Gabon,2035,2104
Gabon,2040,2224
Gabon,2045,2345
Gabon,2050,2465
Gambia,1990,1074
Gambia,1995,1226
Gambia,2000,1377
Gambia,2005,1529
Gambia,2010,1681
Gambia,2015,1832
Gambia,2020,1984
Gambia,2025,2136
Gambia,2030,2288
Gambia,2035,2439
Gambia,2040,2591
Gambia,2045,2743
Gambia,2050,2894
Georgia,1990,4921
Georgia,1995,4973
Georgia,2000,5026
Georgia,2005,5078
Georgia,2010,5131
Georgia,2015,5183
Georgia,2020,5235
Georgia,2025,5288
Georgia,2030,5340
Georgia,2035,5392
Georgia,2040,5445
Georgia,2045,5497
Georgia,2050,5549
Germany,1990,79566
Germany,1995,80351
Germany,2000,81136
Germany,2005,81921
Germany,2010,82706
Germany,2015,83491
Germany,2020,84276
Germany,2025,85061
Germany,2030,85846
Germany,2035,86632
Germany,2040,87417
Germany,2045,88202
Germany,2050,88987
Ghana,1990,16212
Ghana,1995,18051
Ghana,2000,19890
Ghana,2005,21728
Ghana,2010,23567
Ghana,2015,25405
Ghana,2020,27244
Ghana,2025,29083
Ghana,2030,30921
Ghana,2035,32760
Ghana,2040,34598
Ghana,2045,36437
Ghana,2050,38276
Gibraltar,1990,28
Gibraltar,1995,28
Gibraltar,2000,29
Gibraltar,2005,29
Gibraltar,2010,29
Gibraltar,2015,30
Gibraltar,2020,30
Gibraltar,2025,30
Gibraltar,2030,31
Gibraltar,2035,31
Gibraltar,2040,31
Gibraltar,2045,31
Gibraltar,2050,32
Greece,1990,9880
Greece,1995,10109
Greece,2000,10338
Greece,2005,10567
Greece,2010,10796
Greece,2015,11024
Greece,2020,11253
Greece,2025,11482
Greece,2030,11711
Greece,2035,11940
Greece,2040,12169
Greece,2045,12398
Greece,2050,12627
Greenland,1990,52
Greenland,1995,54
Greenland,2000,56
Greenland,2005,58
Greenland,2010,60
Greenland,2015,62
Greenland,2020,64
Greenland,2025,66
Greenland,2030,67
Greenland,2035,69
Greenland,2040,71
Greenland,2045,73
Greenland,2050,75
Grenada,1990,99
Grenada,1995,100
Grenada,2000,102
Grenada,2005,104
Grenada,2010,105
Grenada,2015,107
Grenada,2020,109
Grenada,2025,110
Grenada,2030,112
Grenada,2035,113
Grenada,2040,115
Grenada,2045,117
Grenada,2050,118
Guam,1990,126
Guam,1995,136
Guam,2000,145
Guam,2005,154
Guam,2010,163
Guam,2015,173
Guam,2020,182
Guam,2025,191
Guam,2030,200
Guam,2035,209
Guam,2040,219
Guam,2045,228
Guam,2050,237
Guatemala,1990,9279
Guatemala,1995,10288
Guatemala,2000,11297
Guatemala,2005,12306
Guatemala,2010,13315
Guatemala,2015,14324
Guatemala,2020,15333
Guatemala,2025,16342
Guatemala,2030,17351
Guatemala,2035,18360
Guatemala,2040,19369
Guatemala,2045,20378
Guatemala,2050,21387
Guernsey,1990,59
Guernsey,1995,60
Guernsey,2000,62
Guernsey,2005,64
Guernsey,2010,65
Guernsey,2015,67
Guernsey,2020,69
Guernsey,2025,70
Guernsey,2030,72
Guernsey,2035,74
Guernsey,2040,75
Guernsey,2045,77
Guernsey,2050,79
Guinea,1990,6913
Guinea,1995,7759
Guinea,2000,8606
Guinea,2005,9452
Guinea,2010,10299
Guinea,2015,11146
Guinea,2020,11992
Guinea,2025,12839
Guinea,2030,13685
Guinea,2035,14532
Guinea,2040,15379
Guinea,2045,16225
Guinea,2050,17072
Guinea-Bissau,1990,1084
Guinea-Bissau,1995,1194
Guinea-Bissau,2000,1303
Guinea-Bissau,2005,1412
Guinea-Bissau,2010,1521
Guinea-Bissau,2015,1630
Guinea-Bissau,2020,1740
Guinea-Bissau,2025,1849
Guinea-Bissau,2030,1958
Guinea-Bissau,2035,2067
Guinea-Bissau,2040,2177
Guinea-Bissau,2045,2286
Guinea-Bissau,2050,2395
Guyana,1990,742
Guyana,1995,754
Guyana,2000,766
Guyana,2005,778
Guyana,2010,791
Guyana,2015,803
Guyana,2020,815
Guyana,2025,827
Guyana,2030,840
Guyana,2035,852
Guyana,2040,864
Guyana,2045,876
Guyana,2050,889
Haiti,1990,6989
Haiti,1995,7597
Haiti,2000,8206
Haiti,2005,8814
Haiti,2010,9423
Haiti,2015,10031
Haiti,2020,10639
Haiti,2025,11248
Haiti,2030,11856
Haiti,2035,12465
Haiti,2040,13073
Haiti,2045,13681
Haiti,2050,14290
Honduras,1990,5133
Honduras,1995,5765
Honduras,2000,6396
Honduras,2005,7028
Honduras,2010,7660
Honduras,2015,8291
Honduras,2020,8923
Honduras,2025,9555
Honduras,2030,10186
Honduras,2035,10818
Honduras,2040,11450
Honduras,2045,12081
Honduras,2050,12713
Hong Kong,1990,5568
Hong Kong,1995,5937
Hong Kong,2000,6307
Hong Kong,2005,6676
Hong Kong,2010,7046
Hong Kong,2015,7415
Hong Kong,2020,7785
Hong Kong,2025,8155
Hong Kong,2030,8524
Hong Kong,2035,8894
Hong Kong,2040,9263
Hong Kong,2045,9633
Hong Kong,2050,10002
Hungary,1990,10254
Hungary,1995,10226
Hungary,2000,10199
Hungary,2005,10171
Hungary,2010,10143
Hungary,2015,10115
Hungary,2020,10088
Hungary,2025,10060
Hungary,2030,10032
Hungary,2035,10004
Hungary,2040,9976
Hungary,2045,9949
Hungary,2050,9921
Iceland,1990,260
Iceland,1995,274
Iceland,2000,288
Iceland,2005,303
Iceland,2010,317
Iceland,2015,331
Iceland,2020,346
Iceland,2025,360
Iceland,2030,374
Iceland,2035,389
Iceland,2040,403
Iceland,2045,418
Iceland,2050,432
India,1990,855324
India,1995,929847
India,2000,1004371
India,2005,1078895
India,2010,1153418
India,2015,1227942
India,2020,1302466
India,2025,1376989
India,2030,1451513
India,2035,1526037
India,2040,1600560
India,2045,1675084
India,2050,1749608
Indonesia,1990,183818
Indonesia,1995,198895
Indonesia,2000,213973
Indonesia,2005,229051
Indonesia,2010,244129
Indonesia,2015,259206
Indonesia,2020,274284
Indonesia,2025,289362
Indonesia,2030,304440
Indonesia,2035,319517
Indonesia,2040,334595
Indonesia,2045,349673
Indonesia,2050,364750
Iran,1990,54265
Iran,1995,60090
Iran,2000,65915
Iran,2005,71740
Iran,2010,77565
Iran,2015,83390
Iran,2020,89215
Iran,2025,95040
Iran,2030,100865
Iran,2035,106690
Iran,2040,112515
Iran,2045,118340
Iran,2050,124165
Iraq,1990,20267
Iraq,1995,23074
Iraq,2000,25881
Iraq,2005,28688
Iraq,2010,31494
Iraq,2015,34301
Iraq,2020,37108
Iraq,2025,39915
Iraq,2030,42722
Iraq,2035,45528
Iraq,2040,48335
Iraq,2045,51142
Iraq,2050,53949
Ireland,1990,3730
Ireland,1995,3915
Ireland,2000,4099
Ireland,2005,4283
Ireland,2010,4468
Ireland,2015,4652
Ireland,2020,4836
Ireland,2025,5021
Ireland,2030,5205
Ireland,2035,5389
Ireland,2040,5574
Ireland,2045,5758
Ireland,2050,5942
Isle of Man,1990,69
Isle of Man,1995,72
Isle of Man,2000,76
Isle of Man,2005,80
Isle of Man,2010,83
Isle of Man,2015,87
Isle of Man,2020,91
Isle of Man,2025,94
Isle of Man,2030,98
Isle of Man,2035,102
Isle of Man,2040,105
Isle of Man,2045,109
Isle of Man,2050,113
Israel,1990,5064
Israel,1995,5629
Israel,2000,6195
Israel,2005,6760
Israel,2010,7326
Israel,2015,7892
Israel,2020,8457
Israel,2025,9023
Israel,2030,9588
Israel,2035,10154
Israel,2040,10720
Israel,2045,11285
Israel,2050,11851
Italy,1990,56997
Italy,1995,57899
Italy,2000,58802
Italy,2005,59705
Italy,2010,60608
Italy,2015,61511
Italy,2020,62413
Italy,2025,63316
Italy,2030,64219
Italy,2035,65122
Italy,2040,66024
Italy,2045,66927
Italy,2050,67830
Ivory Coast,1990,13173
Ivory Coast,1995,15037
Ivory Coast,2000,16901
Ivory Coast,2005,18765
Ivory Coast,2010,20629
Ivory Coast,2015,22493
Ivory Coast,2020,24357
Ivory Coast,2025,26221
Ivory Coast,2030,28085
Ivory Coast,2035,29949
Ivory Coast,2040,31813
Ivory Coast,2045,33677
Ivory Coast,2050,35541
Jamaica,1990,2387
Jamaica,1995,2502
Jamaica,2000,2616
Jamaica,2005,2731
Jamaica,2010,2846
Jamaica,2015,2960
Jamaica,2020,3075
Jamaica,2025,3189
Jamaica,2030,3304
Jamaica,2035,3419
Jamaica,2040,3533
Jamaica,2045,3648
Jamaica,2050,3763
Japan,1990,118123
Japan,1995,121037
Japan,2000,123951
Japan,2005,126865
Japan,2010,129779
Japan,2015,132693
Japan,2020,135607
Japan,2025,138521
Japan,2030,141435
Japan,2035,144349
Japan,2040,147263
Japan,2045,150177
Japan,2050,153091
Jersey,1990,82
Jersey,1995,85
Jersey,2000,88
Jersey,2005,91
Jersey,2010,94
Jersey,2015,97
Jersey,2020,100
Jersey,2025,104
Jersey,2030,107
Jersey,2035,110
Jersey,2040,113
Jersey,2045,116
Jersey,2050,119
Jordan,1990,3701
Jordan,1995,4272
Jordan,2000,4842
Jordan,2005,5413
Jordan,2010,5983
Jordan,2015,6554
Jordan,2020,7124
Jordan,2025,7695
Jordan,2030,8265
Jordan,2035,8835
Jordan,2040,9406
Jordan,2045,9976
Jordan,2050,10547
Kazakhstan,1990,15578
Kazakhstan,1995,16238
Kazakhstan,2000,16897
Kazakhstan,2005,17557
Kazakhstan,2010,18216
Kazakhstan,2015,18876
Kazakhstan,2020,19536
Kazakhstan,2025,20195
Kazakhstan,2030,20855
Kazakhstan,2035,21514
Kazakhstan,2040,22174
Kazakhstan,2045,22833
Kazakhstan,2050,23493
Kenya,1990,25226
Kenya,1995,28694
Kenya,2000,32162
Kenya,2005,35630
Kenya,2010,39099
Kenya,2015,42567
Kenya,2020,46035
Kenya,2025,49503
Kenya,2030,52971
Kenya,2035,56439
Kenya,2040,59907
Kenya,2045,63376
Kenya,2050,66844
Kiribati,1990,73
Kiribati,1995,79
Kiribati,2000,85
Kiribati,2005,91
Kiribati,2010,97
Kiribati,2015,103
Kiribati,2020,109
Kiribati,2025,115
Kiribati,2030,121
Kiribati,2035,127
Kiribati,2040,133
Kiribati,2045,139
Kiribati,2050,145
Kosovo,1990,1638
Kosovo,1995,1727
Kosovo,2000,1816
Kosovo,2005,1905
Kosovo,2010,1994
Kosovo,2015,2082
Kosovo,2020,2171
Kosovo,2025,2260
Kosovo,2030,2349
Kosovo,2035,2438
Kosovo,2040,2526
Kosovo,2045,2615
Kosovo,2050,2704
Kuwait,1990,1713
Kuwait,1995,1936
Kuwait,2000,2160
Kuwait,2005,2383
Kuwait,2010,2607
Kuwait,2015,2830
Kuwait,2020,3054
Kuwait,2025,3277
Kuwait,2030,3501
Kuwait,2035,3724
Kuwait,2040,3948
Kuwait,2045,4171
Kuwait,2050,4395
Kyrgyzstan,1990,4244
Kyrgyzstan,1995,4562
Kyrgyzstan,2000,4880
Kyrgyzstan,2005,5198
Kyrgyzstan,2010,5517
Kyrgyzstan,2015,5835
Kyrgyzstan,2020,6153
Kyrgyzstan,2025,6472
Kyrgyzstan,2030,6790
Kyrgyzstan,2035,7108
Kyrgyzstan,2040,7426
Kyrgyzstan,2045,7745
Kyrgyzstan,2050,8063
Laos,1990,4488
Laos,1995,4916
Laos,2000,5344
Laos,2005,5772
Laos,2010,6199
Laos,2015,6627
Laos,2020,7055
Laos,2025,7483
Laos,2030,7911
Laos,2035,8339
Laos,2040,8767
Laos,2045,9194
Laos,2050,9622
Latvia,1990,2344
Latvia,1995,2328
Latvia,2000,2313
Latvia,2005,2297
Latvia,2010,2282
Latvia,2015,2266
Latvia,2020,2251
Latvia,2025,2235
Latvia,2030,2220
Latvia,2035,2204
Latvia,2040,2189
Latvia,2045,2173
Latvia,2050,2158
Lebanon,1990,3492
Lebanon,1995,3782
Lebanon,2000,4072
Lebanon,2005,4362
Lebanon,2010,4652
Lebanon,2015,4941
Lebanon,2020,5231
Lebanon,2025,5521
Lebanon,2030,5811
Lebanon,2035,6101
Lebanon,2040,6391
Lebanon,2045,6681
Lebanon,2050,6971
Lesotho,1990,1560
Lesotho,1995,1666
Lesotho,2000,1772
Lesotho,2005,1878
Lesotho,2010,1984
Lesotho,2015,2090
Lesotho,2020,2197
Lesotho,2025,2303
Lesotho,2030,2409
Lesotho,2035,2515
Lesotho,2040,2621
Lesotho,2045,2728
Lesotho,2050,2834
Liberia,1990,2394
Liberia,1995,2662
Liberia,2000,2930
Liberia,2005,3198
Liberia,2010,3466
Liberia,2015,3734
Liberia,2020,4002
Liberia,2025,4270
Liberia,2030,4538
Liberia,2035,4805
Liberia,2040,5073
Liberia,2045,5341
Liberia,2050,5609
Libya,1990,4076
Libya,1995,4559
Libya,2000,5041
Libya,2005,5524
Libya,2010,6007
Libya,2015,6490
Libya,2020,6973
Libya,2025,7456
Libya,2030,7939
Libya,2035,8422
Libya,2040,8904
Libya,2045,9387
Libya,2050,9870
Liechtenstein,1990,29
Liechtenstein,1995,30
Liechtenstein,2000,32
Liechtenstein,2005,34
Liechtenstein,2010,36
Liechtenstein,2015,38
Liechtenstein,2020,40
Liechtenstein,2025,42
Liechtenstein,2030,44
Liechtenstein,2035,46
Liechtenstein,2040,48
Liechtenstein,2045,49
Liechtenstein,2050,51
Lithuania,1990,3255
Lithuania,1995,3265
Lithuania,2000,3275
Lithuania,2005,3285
Lithuania,2010,3295
Lithuania,2015,3305
Lithuania,2020,3315
Lithuania,2025,3325
Lithuania,2030,3335
Lithuania,2035,3345
Lithuania,2040,3356
Lithuania,2045,3366
Lithuania,2050,3376
Luxembourg,1990,422
Luxembourg,1995,445
Luxembourg,2000,468
Luxembourg,2005,491
Luxembourg,2010,514
Luxembourg,2015,537
Luxembourg,2020,560
Luxembourg,2025,583
Luxembourg,2030,606
Luxembourg,2035,629
Luxembourg,2040,652
Luxembourg,2045,675
Luxembourg,2050,698
Macau,1990,371
Macau,1995,405
Macau,2000,440
Macau,2005,474
Macau,2010,509
Macau,2015,543
Macau,2020,578
Macau,2025,613
Macau,2030,647
Macau,2035,682
Macau,2040,716
Macau,2045,751
Macau,2050,785
Madagascar,1990,13387
Madagascar,1995,15113
Madagascar,2000,16838
Madagascar,2005,18564
Madagascar,2010,20289
Madagascar,2015,22015
Madagascar,2020,23740
Madagascar,2025,25466
Madagascar,2030,27191
Madagascar,2035,28917
Madagascar,2040,30643
Madagascar,2045,32368
Madagascar,2050,34094
Malawi,1990,9931
Malawi,1995,11323
Malawi,2000,12715
Malawi,2005,14107
Malawi,2010,15500
Malawi,2015,16892
Malawi,2020,18284
Malawi,2025,19676
Malawi,2030,21068
Malawi,2035,22460
Malawi,2040,23852
Malawi,2045,25244
Malawi,2050,26637
Malaysia,1990,18966
Malaysia,1995,21020
Malaysia,2000,23074
Malaysia,2005,25128
Malaysia,2010,27182
Malaysia,2015,29235
Malaysia,2020,31289
Malaysia,2025,33343
Malaysia,2030,35397
Malaysia,2035,37451
Malaysia,2040,39505
Malaysia,2045,41558
Malaysia,2050,43612
Maldives,1990,227
Maldives,1995,254
Maldives,2000,282
Maldives,2005,309
Maldives,2010,336
Maldives,2015,364
Maldives,2020,391
Maldives,2025,418
Maldives,2030,445
Maldives,2035,473
Maldives,2040,500
Maldives,2045,527
Maldives,2050,555
Mali,1990,9879
Mali,1995,11046
Mali,2000,12214
Mali,2005,13382
Mali,2010,14549
Mali,2015,15717
Mali,2020,16884
Mali,2025,18052
Mali,2030,19220
Mali,2035,20387
Mali,2040,21555
Mali,2045,22723
Mali,2050,23890
Malta,1990,366
Malta,1995,375
Malta,2000,384
Malta,2005,392
Malta,2010,401
Malta,2015,410
Malta,2020,418
Malta,2025,427
Malta,2030,436
Malta,2035,444
Malta,2040,453
Malta,2045,462
Malta,2050,470
Marshall Islands,1990,44
Marshall Islands,1995,49
Marshall Islands,2000,55
Marshall Islands,2005,60
Marshall Islands,2010,65
Marshall Islands,2015,71
Marshall Islands,2020,76
Marshall Islands,2025,82
Marshall Islands,2030,87
Marshall Islands,2035,92
Marshall Islands,2040,98
Marshall Islands,2045,103
Marshall Islands,2050,108
Mauritania,1990,2184
Mauritania,1995,2417
Mauritania,2000,2650
Mauritania,2005,2884
Mauritania,2010,3117
Mauritania,2015,3350
Mauritania,2020,3583
Mauritania,2025,3816
Mauritania,2030,4049
Mauritania,2035,4282
Mauritania,2040,4515
Mauritania,2045,4749
Mauritania,2050,4982
Mauritius,1990,1057
Mauritius,1995,1116
Mauritius,2000,1175
Mauritius,2005,1234
Mauritius,2010,1293
Mauritius,2015,1352
Mauritius,2020,1411
Mauritius,2025,1470
Mauritius,2030,1529
Mauritius,2035,1588
Mauritius,2040,1647
Mauritius,2045,1706
Mauritius,2050,1765
Mexico,1990,83829
Mexico,1995,91440
Mexico,2000,99051
Mexico,2005,106662
Mexico,2010,114273
Mexico,2015,121884
Mexico,2020,129495
Mexico,2025,137106
Mexico,2030,144717
Mexico,2035,152328
Mexico,2040,159939
Mexico,2045,167550
Mexico,2050,175161
Moldova,1990,3844
Moldova,1995,3887
Moldova,2000,3931
Moldova,2005,3974
Moldova,2010,4018
Moldova,2015,4061
Moldova,2020,4105
Moldova,2025,4148
Moldova,2030,4192
Moldova,2035,4235
Moldova,2040,4278
Moldova,2045,4322
Moldova,2050,4365
Monaco,1990,28
Monaco,1995,29
Monaco,2000,30
Monaco,2005,31
Monaco,2010,32
Monaco,2015,33
Monaco,2020,34
Monaco,2025,34
Monaco,2030,35
Monaco,2035,36
Monaco,2040,37
Monaco,2045,38
Monaco,2050,39
Mongolia,1990,2054
Mongolia,1995,2244
Mongolia,2000,2435
Mongolia,2005,2625
Mongolia,2010,2815
Mongolia,2015,3005
Mongolia,2020,3195
Mongolia,2025,3385
Mongolia,2030,3575
Mongolia,2035,3765
Mongolia,2040,3956
Mongolia,2045,4146
Mongolia,2050,4336
Montenegro,1990,593
Montenegro,1995,612
Montenegro,2000,630
Montenegro,2005,648
Montenegro,2010,667
Montenegro,2015,685
Montenegro,2020,704
Montenegro,2025,722
Montenegro,2030,740
Montenegro,2035,759
Montenegro,2040,777
Montenegro,2045,795
Montenegro,2050,814
Montserrat,1990,9
Montserrat,1995,9
Montserrat,2000,8
Montserrat,2005,8
Montserrat,2010,7
Montserrat,2015,6
Montserrat,2020,6
Montserrat,2025,5
Montserrat,2030,4
Montserrat,2035,4
Montserrat,2040,3
Montserrat,2045,2
Montserrat,2050,2
Morocco,1990,24234
Morocco,1995,26336
Morocco,2000,28438
Morocco,2005,30540
Morocco,2010,32642
Morocco,2015,34744
Morocco,2020,36846
Morocco,2025,38948
Morocco,2030,41050
Morocco,2035,43152
Morocco,2040,45254
Morocco,2045,47356
Morocco,2050,49458
Mozambique,1990,15675
Mozambique,1995,17337
Mozambique,2000,19000
Mozambique,2005,20662
Mozambique,2010,22325
Mozambique,2015,23988
Mozambique,2020,25650
Mozambique,2025,27313
Mozambique,2030,28976
Mozambique,2035,30638
Mozambique,2040,32301
Mozambique,2045,33963
Mozambique,2050,35626
Myanmar,1990,40423
Myanmar,1995,43558
Myanmar,2000,46692
Myanmar,2005,49826
Myanmar,2010,52961
Myanmar,2015,56095
Myanmar,2020,59229
Myanmar,2025,62363
Myanmar,2030,65498
Myanmar,2035,68632
Myanmar,2040,71766
Myanmar,2045,74901
Myanmar,2050,78035
Namibia,1990,1434
Namibia,1995,1588
Namibia,2000,1742
Namibia,2005,1896
Namibia,2010,2050
Namibia,2015,2204
Namibia,2020,2358
Namibia,2025,2512
Namibia,2030,2666
Namibia,2035,2820
Namibia,2040,2974
Namibia,2045,3128
Namibia,2050,3282
Nauru,1990,8
Nauru,1995,9
Nauru,2000,9
Nauru,2005,10
Nauru,2010,10
Nauru,2015,11
Nauru,2020,11
Nauru,2025,12
Nauru,2030,12
Nauru,2035,13
Nauru,2040,13
Nauru,2045,14
Nauru,2050,14
Nepal,1990,20203
Nepal,1995,22270
Nepal,2000,24336
Nepal,2005,26402
Nepal,2010,28468
Nepal,2015,30535
Nepal,2020,32601
Nepal,2025,34667
Nepal,2030,36734
Nepal,2035,38800
Nepal,2040,40866
Nepal,2045,42933
Nepal,2050,44999
Netherlands,1990,14839
Netherlands,1995,15312
Netherlands,2000,15786
Netherlands,2005,16259
Netherlands,2010,16732
Netherlands,2015,17205
Netherlands,2020,17679
Netherlands,2025,18152
Netherlands,2030,18625
Netherlands,2035,19099
Netherlands,2040,19572
Netherlands,2045,20045
Netherlands,2050,20518
New Caledonia,1990,178
New Caledonia,1995,196
New Caledonia,2000,213
New Caledonia,2005,230
New Caledonia,2010,248
New Caledonia,2015,265
New Caledonia,2020,283
New Caledonia,2025,300
New Caledonia,2030,318
New Caledonia,2035,335
New Caledonia,2040,352
New Caledonia,2045,370
New Caledonia,2050,387
New Zealand,1990,3529
New Zealand,1995,3712
New Zealand,2000,3896
New Zealand,2005,4079
New Zealand,2010,4263
New Zealand,2015,4446
New Zealand,2020,4629
New Zealand,2025,4813
New Zealand,2030,4996
New Zealand,2035,5180
New Zealand,2040,5363
New Zealand,2045,5547
New Zealand,2050,5730
Nicaragua,1990,3777
Nicaragua,1995,4194
Nicaragua,2000,4611
Nicaragua,2005,5027
Nicaragua,2010,5444
Nicaragua,2015,5861
Nicaragua,2020,6278
Nicaragua,2025,6694
Nicaragua,2030,7111
Nicaragua,2035,7528
Nicaragua,2040,7944
Nicaragua,2045,8361
Nicaragua,2050,8778
Niger,1990,9689
Niger,1995,11010
Niger,2000,12332
Niger,2005,13654
Niger,2010,14976
Niger,2015,16297
Niger,2020,17619
Niger,2025,18941
Niger,2030,20262
Niger,2035,21584
Niger,2040,22906
Niger,2045,24228
Niger,2050,25549
Nigeria,1990,106614
Nigeria,1995,119723
Nigeria,2000,132832
Nigeria,2005,145941
Nigeria,2010,159050
Nigeria,2015,172159
Nigeria,2020,185267
Nigeria,2025,198376
Nigeria,2030,211485
Nigeria,2035,224594
Nigeria,2040,237703
Nigeria,2045,250812
Nigeria,2050,263921
North Korea,1990,19506
North Korea,1995,20828
North Korea,2000,22149
North Korea,2005,23470
North Korea,2010,24791
North Korea,2015,26112
North Korea,2020,27433
North Korea,2025,28754
North Korea,2030,30075
North Korea,2035,31396
North Korea,2040,32718
North Korea,2045,34039
North Korea,2050,35360
North Macedonia,1990,1840
North Macedonia,1995,1904
North Macedonia,2000,1967
North Macedonia,2005,2030
North Macedonia,2010,2094
North Macedonia,2015,2157
North Macedonia,2020,2221
North Macedonia,2025,2284
North Macedonia,2030,2347
North Macedonia,2035,2411
North Macedonia,2040,2474
North Macedonia,2045,2537
North Macedonia,2050,2601
Northern Mariana Islands,1990,38
Northern Mariana Islands,1995,43
Northern Mariana Islands,2000,49
Northern Mariana Islands,2005,55
Northern Mariana Islands,2010,60
Northern Mariana Islands,2015,66
Northern Mariana Islands,2020,72
Northern Mariana Islands,2025,77
Northern Mariana Islands,2030,83
Northern Mariana Islands,2035,89
Northern Mariana Islands,2040,94
Northern Mariana Islands,2045,100
Northern Mariana Islands,2050,106
Norway,1990,4366
Norway,1995,4505
Norway,2000,4644
Norway,2005,4784
Norway,2010,4923
Norway,2015,5062
Norway,2020,5202
Norway,2025,5341
Norway,2030,5481
Norway,2035,5620
Norway,2040,5759
Norway,2045,5899
Norway,2050,6038
Oman,1990,1882
Oman,1995,2145
Oman,2000,2407
Oman,2005,2670
Oman,2010,2932
Oman,2015,3194
Oman,2020,3457
Oman,2025,3719
Oman,2030,3982
Oman,2035,4244
Oman,2040,4507
Oman,2045,4769
Oman,2050,5032
Pakistan,1990,123062
Pakistan,1995,136935
Pakistan,2000,150808
Pakistan,2005,164681
Pakistan,2010,178554
Pakistan,2015,192427
Pakistan,2020,206300
Pakistan,2025,220173
Pakistan,2030,234047
Pakistan,2035,247920
Pakistan,2040,261793
Pakistan,2045,275666
Pakistan,2050,289539
Palau,1990,16
Palau,1995,17
Palau,2000,18
Palau,2005,19
Palau,2010,20
Palau,2015,21
Palau,2020,22
Palau,2025,23
Palau,2030,24
Palau,2035,25
Palau,2040,26
Palau,2045,28
Palau,2050,29
Palestine,1990,2441
Palestine,1995,2780
Palestine,2000,3120
Palestine,2005,3459
Palestine,2010,3798
Palestine,2015,4137
Palestine,2020,4476
Palestine,2025,4815
Palestine,2030,5155
Palestine,2035,5494
Palestine,2040,5833
Palestine,2045,6172
Palestine,2050,6511
Panama,1990,2449
Panama,1995,2678
Panama,2000,2908
Panama,2005,3137
Panama,2010,3366
Panama,2015,3596
Panama,2020,3825
Panama,2025,4055
Panama,2030,4284
Panama,2035,4514
Panama,2040,4743
Panama,2045,4973
Panama,2050,5202
Papua New Guinea,1990,4010
Papua New Guinea,1995,4469
Papua New Guinea,2000,4928
Papua New Guinea,2005,5387
Papua New Guinea,2010,5846
Papua New Guinea,2015,6305
Papua New Guinea,2020,6765
Papua New Guinea,2025,7224
Papua New Guinea,2030,7683
Papua New Guinea,2035,8142
Papua New Guinea,2040,8601
Papua New Guinea,2045,9060
Papua New Guinea,2050,9519
Paraguay,1990,4339
Paraguay,1995,4797
Paraguay,2000,5255
Paraguay,2005,5713
Paraguay,2010,6171
Paraguay,2015,6629
Paraguay,2020,7087
Paraguay,2025,7545
Paraguay,2030,8003
Paraguay,2035,8461
Paraguay,2040,8919
Paraguay,2045,9377
Paraguay,2050,9835
Peru,1990,21225
Peru,1995,23137
Peru,2000,25050
Peru,2005,26962
Peru,2010,28875
Peru,2015,30787
Peru,2020,32699
Peru,2025,34612
Peru,2030,36524
Peru,2035,38437
Peru,2040,40349
Peru,2045,42262
Peru,2050,44174
Philippines,1990,64144
Philippines,1995,70907
Philippines,2000,77670
Philippines,2005,84433
Philippines,2010,91196
Philippines,2015,97959
Philippines,2020,104722
Philippines,2025,111485
Philippines,2030,118248
Philippines,2035,125011
Philippines,2040,131775
Philippines,2045,138538
Philippines,2050,145301
Poland,1990,36241
Poland,1995,37032
Poland,2000,37823
Poland,2005,38614
Poland,2010,39405
Poland,2015,40196
Poland,2020,40987
Poland,2025,41779
Poland,2030,42570
Poland,2035,43361
Poland,2040,44152
Poland,2045,44943
Poland,2050,45734
Portugal,1990,9950
Portugal,1995,10115
Portugal,2000,10279
Portugal,2005,10444
Portugal,2010,10609
Portugal,2015,10773
Portugal,2020,10938
Portugal,2025,11102
Portugal,2030,11267
Portugal,2035,11432
Portugal,2040,11596
Portugal,2045,11761
Portugal,2050,11925
Puerto Rico,1990,3305
Puerto Rico,1995,3422
Puerto Rico,2000,3538
Puerto Rico,2005,3655
Puerto Rico,2010,3772
Puerto Rico,2015,3889
Puerto Rico,2020,4005
Puerto Rico,2025,4122
Puerto Rico,2030,4239
Puerto Rico,2035,4355
Puerto Rico,2040,4472
Puerto Rico,2045,4589
Puerto Rico,2050,4706
Qatar,1990,723
Qatar,1995,895
Qatar,2000,1068
Qatar,2005,1241
Qatar,2010,1414
Qatar,2015,1586
Qatar,2020,1759
Qatar,2025,1932
Qatar,2030,2105
Qatar,2035,2278
Qatar,2040,2450
Qatar,2045,2623
Qatar,2050,2796
Republic of the Congo,1990,2576
Republic of the Congo,1995,2917
Republic of the Congo,2000,3258
Republic of the Congo,2005,3599
Republic of the Congo,2010,3940
Republic of the Congo,2015,4281
Republic of the Congo,2020,4623
Republic of the Congo,2025,4964
Republic of the Congo,2030,5305
Republic of the Congo,2035,5646
Republic of the Congo,2040,5987
Republic of the Congo,2045,6328
Republic of the Congo,2050,6669
Romania,1990,21562
Romania,1995,21833
Romania,2000,22105
Romania,2005,22376
Romania,2010,22648
Romania,2015,22919
Romania,2020,23191
Romania,2025,23462
Romania,2030,23734
Romania,2035,24005
Romania,2040,24277
Romania,2045,24548
Romania,2050,24819
Russia,1990,140360
Russia,1995,142554
Russia,2000,144749
Russia,2005,146943
Russia,2010,149138
Russia,2015,151332
Russia,2020,153527
Russia,2025,155721
Russia,2030,157916
Russia,2035,160110
Russia,2040,162304
Russia,2045,164499
Russia,2050,166693
Rwanda,1990,7160
Rwanda,1995,8037
Rwanda,2000,8914
Rwanda,2005,9790
Rwanda,2010,10667
Rwanda,2015,11544
Rwanda,2020,12421
Rwanda,2025,13297
Rwanda,2030,14174
Rwanda,2035,15051
Rwanda,2040,15927
Rwanda,2045,16804
Rwanda,2050,17681
Saint Barthélemy,1990,5
Saint Barthélemy,1995,5
Saint Barthélemy,2000,6
Saint Barthélemy,2005,7
Saint Barthélemy,2010,7
Saint Barthélemy,2015,8
Saint Barthélemy,2020,8
Saint Barthélemy,2025,9
Saint Barthélemy,2030,9
Saint Barthélemy,2035,10
Saint Barthélemy,2040,10
Saint Barthélemy,2045,11
Saint Barthélemy,2050,11
"Saint Helena, Ascension and Tristan da Cunha",1990,7
"Saint Helena, Ascension and Tristan da Cunha",1995,7
"Saint Helena, Ascension and Tristan da Cunha",2000,7
"Saint Helena, Ascension and Tristan da Cunha",2005,7
"Saint Helena, Ascension and Tristan da Cunha",2010,7
"Saint Helena, Ascension and Tristan da Cunha",2015,8
"Saint Helena, Ascension and Tristan da Cunha",2020,8
"Saint Helena, Ascension and Tristan da Cunha",2025,8
"Saint Helena, Ascension and Tristan da Cunha",2030,8
"Saint Helena, Ascension and Tristan da Cunha",2035,8
"Saint Helena, Ascension and Tristan da Cunha",2040,9
"Saint Helena, Ascension and Tristan da Cunha",2045,9
"Saint Helena, Ascension and Tristan da Cunha",2050,9
Saint Kitts and Nevis,1990,46
Saint Kitts and Nevis,1995,47
Saint Kitts and Nevis,2000,47
Saint Kitts and Nevis,2005,47
Saint Kitts and Nevis,2010,47
Saint Kitts and Nevis,2015,47
Saint Kitts and Nevis,2020,47
Saint Kitts and Nevis,2025,47
Saint Kitts and Nevis,2030,47
Saint Kitts and Nevis,2035,48
Saint Kitts and Nevis,2040,48
Saint Kitts and Nevis,2045,48
Saint Kitts and Nevis,2050,48
Saint Lucia,1990,134
Saint Lucia,1995,141
Saint Lucia,2000,148
Saint Lucia,2005,155
Saint Lucia,2010,162
Saint Lucia,2015,169
Saint Lucia,2020,176
Saint Lucia,2025,183
Saint Lucia,2030,190
Saint Lucia,2035,197
Saint Lucia,2040,204
Saint Lucia,2045,211
Saint Lucia,2050,218
Saint Martin,1990,20
Saint Martin,1995,23
Saint Martin,2000,26
Saint Martin,2005,29
Saint Martin,2010,32
Saint Martin,2015,35
Saint Martin,2020,38
Saint Martin,2025,41
Saint Martin,2030,44
Saint Martin,2035,47
Saint Martin,2040,50
Saint Martin,2045,53
Saint Martin,2050,56
Saint Pierre and Miquelon,1990,6
Saint Pierre and Miquelon,1995,6
Saint Pierre and Miquelon,2000,6
Saint Pierre and Miquelon,2005,6
Saint Pierre and Miquelon,2010,6
Saint Pierre and Miquelon,2015,6
Saint Pierre and Miquelon,2020,6
Saint Pierre and Miquelon,2025,7
Saint Pierre and Miquelon,2030,7
Saint Pierre and Miquelon,2035,7
Saint Pierre and Miquelon,2040,7
Saint Pierre and Miquelon,2045,7
Saint Pierre and Miquelon,2050,7
Saint Vincent and the Grenadines,1990,100
Saint Vincent and the Grenadines,1995,102
Saint Vincent and the Grenadines,2000,104
Saint Vincent and the Grenadines,2005,106
Saint Vincent and the Grenadines,2010,108
Saint Vincent and the Grenadines,2015,110
Saint Vincent and the Grenadines,2020,112
Saint Vincent and the Grenadines,2025,114
Saint Vincent and the Grenadines,2030,116
Saint Vincent and the Grenadines,2035,119
Saint Vincent and the Grenadines,2040,121
Saint Vincent and the Grenadines,2045,123
Saint Vincent and the Grenadines,2050,125
Samoa,1990,165
Samoa,1995,172
Samoa,2000,179
Samoa,2005,186
Samoa,2010,192
Samoa,2015,199
Samoa,2020,206
Samoa,2025,213
Samoa,2030,220
Samoa,2035,227
Samoa,2040,234
Samoa,2045,241
Samoa,2050,248
San Marino,1990,24
San Marino,1995,26
San Marino,2000,27
San Marino,2005,29
San Marino,2010,30
San Marino,2015,32
San Marino,2020,34
San Marino,2025,35
San Marino,2030,37
San Marino,2035,38
San Marino,2040,40
San Marino,2045,41
San Marino,2050,43
Saudi Arabia,1990,15989
Saudi Arabia,1995,18252
Saudi Arabia,2000,20516
Saudi Arabia,2005,22779
Saudi Arabia,2010,25043
Saudi Arabia,2015,27306
Saudi Arabia,2020,29570
Saudi Arabia,2025,31833
Saudi Arabia,2030,34096
Saudi Arabia,2035,36360
Saudi Arabia,2040,38623
Saudi Arabia,2045,40887
Saudi Arabia,2050,43150
Senegal,1990,8156
Senegal,1995,9154
Senegal,2000,10152
Senegal,2005,11150
Senegal,2010,12148
Senegal,2015,13147
Senegal,2020,14145
Senegal,2025,15143
Senegal,2030,16141
Senegal,2035,17139
Senegal,2040,18137
Senegal,2045,19136
Senegal,2050,20134
Serbia,1990,7398
Serbia,1995,7432
Serbia,2000,7467
Serbia,2005,7501
Serbia,2010,7535
Serbia,2015,7570
Serbia,2020,7604
Serbia,2025,7639
Serbia,2030,7673
Serbia,2035,7708
Serbia,2040,7742
Serbia,2045,7777
Serbia,2050,7811
Seychelles,1990,71
Seychelles,1995,75
Seychelles,2000,79
Seychelles,2005,84
Seychelles,2010,88
Seychelles,2015,92
Seychelles,2020,97
Seychelles,2025,101
Seychelles,2030,105
Seychelles,2035,110
Seychelles,2040,114
Seychelles,2045,119
Seychelles,2050,123
Sierra Leone,1990,4088
Sierra Leone,1995,4415
Sierra Leone,2000,4742
Sierra Leone,2005,5069
Sierra Leone,2010,5396
Sierra Leone,2015,5723
Sierra Leone,2020,6050
Sierra Leone,2025,6377
Sierra Leone,2030,6704
Sierra Leone,2035,7031
Sierra Leone,2040,7359
Sierra Leone,2045,7686
Sierra Leone,2050,8013
Singapore,1990,3453
Singapore,1995,3823
Singapore,2000,4192
Singapore,2005,4562
Singapore,2010,4932
Singapore,2015,5301
Singapore,2020,5671
Singapore,2025,6041
Singapore,2030,6410
Singapore,2035,6780
Singapore,2040,7150
Singapore,2045,7519
Singapore,2050,7889
Sint Maarten,1990,24
Sint Maarten,1995,27
Sint Maarten,2000,31
Sint Maarten,2005,35
Sint Maarten,2010,38
Sint Maarten,2015,42
Sint Maarten,2020,46
Sint Maarten,2025,50
Sint Maarten,2030,53
Sint Maarten,2035,57
Sint Maarten,2040,61
Sint Maarten,2045,65
Sint Maarten,2050,68
Slovakia,1990,5054
Slovakia,1995,5175
Slovakia,2000,5297
Slovakia,2005,5418
Slovakia,2010,5539
Slovakia,2015,5661
Slovakia,2020,5782
Slovakia,2025,5904
Slovakia,2030,6025
Slovakia,2035,6147
Slovakia,2040,6268
Slovakia,2045,6390
Slovakia,2050,6511
Slovenia,1990,1872
Slovenia,1995,1911
Slovenia,2000,1951
Slovenia,2005,1991
Slovenia,2010,2030
Slovenia,2015,2070
Slovenia,2020,2110
Slovenia,2025,2150
Slovenia,2030,2189
Slovenia,2035,2229
Slovenia,2040,2269
Slovenia,2045,2308
Slovenia,2050,2348
Solomon Islands,1990,352
Solomon Islands,1995,399
Solomon Islands,2000,446
Solomon Islands,2005,492
Solomon Islands,2010,539
Solomon Islands,2015,586
Solomon Islands,2020,633
Solomon Islands,2025,679
Solomon Islands,2030,726
Solomon Islands,2035,773
Solomon Islands,2040,820
Solomon Islands,2045,866
Solomon Islands,2050,913
Somalia,1990,6785
Somalia,1995,7506
Somalia,2000,8226
Somalia,2005,8947
Somalia,2010,9667
Somalia,2015,10388
Somalia,2020,11108
Somalia,2025,11829
Somalia,2030,12549
Somalia,2035,13270
Somalia,2040,13990
Somalia,2045,14711
Somalia,2050,15432
South Africa,1990,37230
South Africa,1995,40658
South Africa,2000,44086
South Africa,2005,47514
South Africa,2010,50942
South Africa,2015,54370
South Africa,2020,57797
South Africa,2025,61225
South Africa,2030,64653
South Africa,2035,68081
South Africa,2040,71509
South Africa,2045,74937
South Africa,2050,78365
South Korea,1990,40863
South Korea,1995,42984
South Korea,2000,45106
South Korea,2005,47228
South Korea,2010,49349
South Korea,2015,51471
South Korea,2020,53593
South Korea,2025,55715
South Korea,2030,57836
South Korea,2035,59958
South Korea,2040,62080
South Korea,2045,64202
South Korea,2050,66323
South Sudan,1990,6378
South Sudan,1995,7239
South Sudan,2000,8100
South Sudan,2005,8961
South Sudan,2010,9822
South Sudan,2015,10683
South Sudan,2020,11544
South Sudan,2025,12405
South Sudan,2030,13265
South Sudan,2035,14126
South Sudan,2040,14987
South Sudan,2045,15848
South Sudan,2050,16709
Spain,1990,39777
Spain,1995,41299
Spain,2000,42821
Spain,2005,44343
Spain,2010,45865
Spain,2015,47388
Spain,2020,48910
Spain,2025,50432
Spain,2030,51954
Spain,2035,53476
Spain,2040,54998
Spain,2045,56521
Spain,2050,58043
Sri Lanka,1990,16807
Sri Lanka,1995,17879
Sri Lanka,2000,18951
Sri Lanka,2005,20023
Sri Lanka,2010,21096
Sri Lanka,2015,22168
Sri Lanka,2020,23240
Sri Lanka,2025,24313
Sri Lanka,2030,25385
Sri Lanka,2035,26457
Sri Lanka,2040,27529
Sri Lanka,2045,28602
Sri Lanka,2050,29674
Sudan,1990,22096
Sudan,1995,24838
Sudan,2000,27581
Sudan,2005,30324
Sudan,2010,33066
Sudan,2015,35809
Sudan,2020,38551
Sudan,2025,41294
Sudan,2030,44037
Sudan,2035,46779
Sudan,2040,49522
Sudan,2045,52265
Sudan,2050,55007
Suriname,1990,433
Suriname,1995,457
Suriname,2000,480
Suriname,2005,504
Suriname,2010,528
Suriname,2015,552
Suriname,2020,576
Suriname,2025,600
Suriname,2030,624
Suriname,2035,648
Suriname,2040,672
Suriname,2045,696
Suriname,2050,720
Sweden,1990,8712
Sweden,1995,8915
Sweden,2000,9119
Sweden,2005,9323
Sweden,2010,9526
Sweden,2015,9730
Sweden,2020,9934
Sweden,2025,10137
Sweden,2030,10341
Sweden,2035,10544
Sweden,2040,10748
Sweden,2045,10952
Sweden,2050,11155
Switzerland,1990,6925
Switzerland,1995,7148
Switzerland,2000,7371
Switzerland,2005,7594
Switzerland,2010,7818
Switzerland,2015,8041
Switzerland,2020,8264
Switzerland,2025,8488
Switzerland,2030,8711
Switzerland,2035,8934
Switzerland,2040,9157
Switzerland,2045,9381
Switzerland,2050,9604
Syria,1990,12807
Syria,1995,14386
Syria,2000,15965
Syria,2005,17544
Syria,2010,19123
Syria,2015,20703
Syria,2020,22282
Syria,2025,23861
Syria,2030,25440
Syria,2035,27019
Syria,2040,28598
Syria,2045,30177
Syria,2050,31756
São Tomé and Príncipe,1990,123
São Tomé and Príncipe,1995,135
São Tomé and Príncipe,2000,148
São Tomé and Príncipe,2005,160
São Tomé and Príncipe,2010,172
São Tomé and Príncipe,2015,184
São Tomé and Príncipe,2020,196
São Tomé and Príncipe,2025,208
São Tomé and Príncipe,2030,221
São Tomé and Príncipe,2035,233
São Tomé and Príncipe,2040,245
São Tomé and Príncipe,2045,257
São Tomé and Príncipe,2050,269
Taiwan,1990,19190
Taiwan,1995,20272
Taiwan,2000,21354
Taiwan,2005,22436
Taiwan,2010,23518
Taiwan,2015,24600
Taiwan,2020,25682
Taiwan,2025,26764
Taiwan,2030,27846
Taiwan,2035,28928
Taiwan,2040,30010
Taiwan,2045,31092
Taiwan,2050,32174
Tajikistan,1990,5236
Tajikistan,1995,5800
Tajikistan,2000,6365
Tajikistan,2005,6929
Tajikistan,2010,7494
Tajikistan,2015,8058
Tajikistan,2020,8622
Tajikistan,2025,9187
Tajikistan,2030,9751
Tajikistan,2035,10316
Tajikistan,2040,10880
Tajikistan,2045,11444
Tajikistan,2050,12009
Tanzania,1990,28540
Tanzania,1995,32382
Tanzania,2000,36224
Tanzania,2005,40067
Tanzania,2010,43909
Tanzania,2015,47751
Tanzania,2020,51594
Tanzania,2025,55436
Tanzania,2030,59279
Tanzania,2035,63121
Tanzania,2040,66963
Tanzania,2045,70806
Tanzania,2050,74648
Thailand,1990,52816
Thailand,1995,56492
Thailand,2000,60168
Thailand,2005,63845
Thailand,2010,67521
Thailand,2015,71197
Thailand,2020,74873
Thailand,2025,78549
Thailand,2030,82225
Thailand,2035,85901
Thailand,2040,89577
Thailand,2045,93253
Thailand,2050,96930
Timor-Leste,1990,826
Timor-Leste,1995,893
Timor-Leste,2000,960
Timor-Leste,2005,1027
Timor-Leste,2010,1094
Timor-Leste,2015,1161
Timor-Leste,2020,1229
Timor-Leste,2025,1296
Timor-Leste,2030,1363
Timor-Leste,2035,1430
Timor-Leste,2040,1497
Timor-Leste,2045,1564
Timor-Leste,2050,1632
Togo,1990,4166
Togo,1995,4742
Togo,2000,5317
Togo,2005,5892
Togo,2010,6468
Togo,2015,7043
Togo,2020,7618
Togo,2025,8194
Togo,2030,8769
Togo,2035,9344
Togo,2040,9920
Togo,2045,10495
Togo,2050,11070
Tonga,1990,94
Tonga,1995,97
Tonga,2000,100
Tonga,2005,103
Tonga,2010,107
Tonga,2015,110
Tonga,2020,113
Tonga,2025,116
Tonga,2030,120
Tonga,2035,123
Tonga,2040,126
Tonga,2045,129
Tonga,2050,133
Trinidad and Tobago,1990,1137
Trinidad and Tobago,1995,1172
Trinidad and Tobago,2000,1207
Trinidad and Tobago,2005,1242
Trinidad and Tobago,2010,1277
Trinidad and Tobago,2015,1311
Trinidad and Tobago,2020,1346
Trinidad and Tobago,2025,1381
Trinidad and Tobago,2030,1416
Trinidad and Tobago,2035,1451
Trinidad and Tobago,2040,1486
Trinidad and Tobago,2045,1521
Trinidad and Tobago,2050,1555
Tunisia,1990,7918
Tunisia,1995,8571
Tunisia,2000,9225
Tunisia,2005,9879
Tunisia,2010,10533
Tunisia,2015,11186
Tunisia,2020,11840
Tunisia,2025,12494
Tunisia,2030,13148
Tunisia,2035,13802
Tunisia,2040,14455
Tunisia,2045,15109
Tunisia,2050,15763
Turkey,1990,55417
Turkey,1995,60086
Turkey,2000,64755
Turkey,2005,69423
Turkey,2010,74092
Turkey,2015,78761
Turkey,2020,83429
Turkey,2025,88098
Turkey,2030,92767
Turkey,2035,97436
Turkey,2040,102104
Turkey,2045,106773
Turkey,2050,111442
Turkmenistan,1990,3661
Turkmenistan,1995,4024
Turkmenistan,2000,4387
Turkmenistan,2005,4749
Turkmenistan,2010,5112
Turkmenistan,2015,5475
Turkmenistan,2020,5838
Turkmenistan,2025,6201
Turkmenistan,2030,6563
Turkmenistan,2035,6926
Turkmenistan,2040,7289
Turkmenistan,2045,7652
Turkmenistan,2050,8015
Turks and Caicos Islands,1990,19
Turks and Caicos Islands,1995,23
Turks and Caicos Islands,2000,27
Turks and Caicos Islands,2005,30
Turks and Caicos Islands,2010,34
Turks and Caicos Islands,2015,38
Turks and Caicos Islands,2020,41
Turks and Caicos Islands,2025,45
Turks and Caicos Islands,2030,49
Turks and Caicos Islands,2035,53
Turks and Caicos Islands,2040,56
Turks and Caicos Islands,2045,60
Turks and Caicos Islands,2050,64
Tuvalu,1990,9
Tuvalu,1995,9
Tuvalu,2000,10
Tuvalu,2005,10
Tuvalu,2010,11
Tuvalu,2015,12
Tuvalu,2020,12
Tuvalu,2025,13
Tuvalu,2030,13
Tuvalu,2035,14
Tuvalu,2040,14
Tuvalu,2045,15
Tuvalu,2050,16
Uganda,1990,19962
Uganda,1995,22783
Uganda,2000,25605
Uganda,2005,28427
Uganda,2010,31248
Uganda,2015,34070
Uganda,2020,36892
Uganda,2025,39713
Uganda,2030,42535
Uganda,2035,45357
Uganda,2040,48178
Uganda,2045,51000
Uganda,2050,53822
Ukraine,1990,48007
Ukraine,1995,48116
Ukraine,2000,48225
Ukraine,2005,48334
Ukraine,2010,48443
Ukraine,2015,48552
Ukraine,2020,48661
Ukraine,2025,48770
Ukraine,2030,48879
Ukraine,2035,48988
Ukraine,2040,49097
Ukraine,2045,49206
Ukraine,2050,49315
United Arab Emirates,1990,2411
United Arab Emirates,1995,2943
United Arab Emirates,2000,3475
United Arab Emirates,2005,4008
United Arab Emirates,2010,4540
United Arab Emirates,2015,5072
United Arab Emirates,2020,5605
United Arab Emirates,2025,6137
United Arab Emirates,2030,6670
United Arab Emirates,2035,7202
United Arab Emirates,2040,7734
United Arab Emirates,2045,8267
United Arab Emirates,2050,8799
United Kingdom,1990,58375
United Kingdom,1995,59324
United Kingdom,2000,60272
United Kingdom,2005,61221
United Kingdom,2010,62170
United Kingdom,2015,63118
United Kingdom,2020,64067
United Kingdom,2025,65016
United Kingdom,2030,65964
United Kingdom,2035,66913
United Kingdom,2040,67862
United Kingdom,2045,68810
United Kingdom,2050,69759
United States,1990,254512
United States,1995,267339
United States,2000,280165
United States,2005,292992
United States,2010,305819
United States,2015,318646
United States,2020,331472
United States,2025,344299
United States,2030,357126
United States,2035,369953
United States,2040,382779
United States,2045,395606
United States,2050,408433
United States Virgin Islands,1990,92
United States Virgin Islands,1995,97
United States Virgin Islands,2000,103
United States Virgin Islands,2005,109
United States Virgin Islands,2010,115
United States Virgin Islands,2015,121
United States Virgin Islands,2020,126
United States Virgin Islands,2025,132
United States Virgin Islands,2030,138
United States Virgin Islands,2035,144
United States Virgin Islands,2040,149
United States Virgin Islands,2045,155
United States Virgin Islands,2050,161
Uruguay,1990,3049
Uruguay,1995,3118
Uruguay,2000,3187
Uruguay,2005,3256
Uruguay,2010,3325
Uruguay,2015,3394
Uruguay,2020,3463
Uruguay,2025,3532
Uruguay,2030,3600
Uruguay,2035,3669
Uruguay,2040,3738
Uruguay,2045,3807
Uruguay,2050,3876
Uzbekistan,1990,20084
Uzbekistan,1995,22018
Uzbekistan,2000,23951
Uzbekistan,2005,25884
Uzbekistan,2010,27818
Uzbekistan,2015,29751
Uzbekistan,2020,31684
Uzbekistan,2025,33617
Uzbekistan,2030,35551
Uzbekistan,2035,37484
Uzbekistan,2040,39417
Uzbekistan,2045,41351
Uzbekistan,2050,43284
Vanuatu,1990,163
Vanuatu,1995,182
Vanuatu,2000,201
Vanuatu,2005,221
Vanuatu,2010,240
Vanuatu,2015,259
Vanuatu,2020,278
Vanuatu,2025,297
Vanuatu,2030,317
Vanuatu,2035,336
Vanuatu,2040,355
Vanuatu,2045,374
Vanuatu,2050,393
Venezuela,1990,19152
Venezuela,1995,21177
Venezuela,2000,23201
Venezuela,2005,25226
Venezuela,2010,27251
Venezuela,2015,29276
Venezuela,2020,31301
Venezuela,2025,33326
Venezuela,2030,35351
Venezuela,2035,37376
Venezuela,2040,39401
Venezuela,2045,41426
Venezuela,2050,43450
Vietnam,1990,66084
Vietnam,1995,71835
Vietnam,2000,77587
Vietnam,2005,83339
Vietnam,2010,89091
Vietnam,2015,94843
Vietnam,2020,100595
Vietnam,2025,106347
Vietnam,2030,112099
Vietnam,2035,117851
Vietnam,2040,123603
Vietnam,2045,129355
Vietnam,2050,135107
Wallis and Futuna,1990,12
Wallis and Futuna,1995,13
Wallis and Futuna,2000,14
Wallis and Futuna,2005,15
Wallis and Futuna,2010,16
Wallis and Futuna,2015,16
Wallis and Futuna,2020,17
Wallis and Futuna,2025,18
Wallis and Futuna,2030,19
Wallis and Futuna,2035,20
Wallis and Futuna,2040,20
Wallis and Futuna,2045,21
Wallis and Futuna,2050,22
Western Sahara,1990,265
Western Sahara,1995,315
Western Sahara,2000,366
Western Sahara,2005,416
Western Sahara,2010,467
Western Sahara,2015,517
Western Sahara,2020,568
Western Sahara,2025,618
Western Sahara,2030,669
Western Sahara,2035,719
Western Sahara,2040,770
Western Sahara,2045,820
Western Sahara,2050,871
World,1990,5288432
World,1995,5677221
World,2000,6066011
World,2005,6454800
World,2010,6843589
World,2015,7232379
World,2020,7621168
World,2025,8009957
World,2030,8398747
World,2035,8787536
World,2040,9176325
World,2045,9565115
World,2050,9953904
Yemen,1990,14554
Yemen,1995,16491
Yemen,2000,18429
Yemen,2005,20366
Yemen,2010,22304
Yemen,2015,24242
Yemen,2020,26179
Yemen,2025,28117
Yemen,2030,30054
Yemen,2035,31992
Yemen,2040,33930
Yemen,2045,35867
Yemen,2050,37805
Zambia,1990,8560
Zambia,1995,9688
Zambia,2000,10815
Zambia,2005,11942
Zambia,2010,13069
Zambia,2015,14196
Zambia,2020,15323
Zambia,2025,16450
Zambia,2030,17577
Zambia,2035,18704
Zambia,2040,19831
Zambia,2045,20958
Zambia,2050,22085
Zimbabwe,1990,9592
Zimbabwe,1995,10578
Zimbabwe,2000,11564
Zimbabwe,2005,12550
Zimbabwe,2010,13536
Zimbabwe,2015,14522
Zimbabwe,2020,15509
Zimbabwe,2025,16495
Zimbabwe,2030,17481
Zimbabwe,2035,18467
Zimbabwe,2040,19453
Zimbabwe,2045,20439
Zimbabwe,2050,21425
